Date,Ratio,Width_t5
2019-01-02,R01_Risk Sentiment,0.11277205
2019-01-02,R02_Real Rates Hedge,0.040567905
2019-01-02,R03_Safe Haven Pivot,0.09880102
2019-01-02,R04_Currency War,0.059644103
2019-01-02,R05_Credit Stress,0.018665649
2019-01-02,R06_Yield Curve,0.0393537
2019-01-02,R07_Rate Bets,0.07260811
2019-01-02,R08_Tech Alpha,0.03934455
2019-01-02,R09_Small Cap Health,0.042291224
2019-01-02,R10_Mid Cap Cycle,0.02462925
2019-01-02,R11_Value Rotation,0.04160714
2019-01-02,R12_Consumer Cycle,0.06632878
2019-01-02,R13_New/Old Economy,0.0836654
2019-01-02,R14_Defensive Rotation,0.033884525
2019-01-02,R15_Industrial Momentum,0.04769671
2019-01-02,R16_Commodity Infl Pulse,0.037139885
2019-01-02,R17_Global Risk,0.035994053
2019-01-02,R18_Industrial Cycle,0.060843945
2019-01-02,R19_Semiconductor Cycle,0.067525625
2019-01-02,R20_Real Estate vs Rates,0.08853191
2019-01-09,R01_Risk Sentiment,0.09435153
2019-01-09,R02_Real Rates Hedge,0.037655324
2019-01-09,R03_Safe Haven Pivot,0.070601225
2019-01-09,R04_Currency War,0.047745824
2019-01-09,R05_Credit Stress,0.019220682
2019-01-09,R06_Yield Curve,0.04187554
2019-01-09,R07_Rate Bets,0.08461052
2019-01-09,R08_Tech Alpha,0.036290735
2019-01-09,R09_Small Cap Health,0.046234727
2019-01-09,R10_Mid Cap Cycle,0.026572257
2019-01-09,R11_Value Rotation,0.03702849
2019-01-09,R12_Consumer Cycle,0.04768025
2019-01-09,R13_New/Old Economy,0.089023754
2019-01-09,R14_Defensive Rotation,0.03385687
2019-01-09,R15_Industrial Momentum,0.038179517
2019-01-09,R16_Commodity Infl Pulse,0.035863433
2019-01-09,R17_Global Risk,0.035777748
2019-01-09,R18_Industrial Cycle,0.06013608
2019-01-09,R19_Semiconductor Cycle,0.0780766
2019-01-09,R20_Real Estate vs Rates,0.07483229
2019-01-16,R01_Risk Sentiment,0.08222824
2019-01-16,R02_Real Rates Hedge,0.034596547
2019-01-16,R03_Safe Haven Pivot,0.07137954
2019-01-16,R04_Currency War,0.04837525
2019-01-16,R05_Credit Stress,0.016246948
2019-01-16,R06_Yield Curve,0.035087943
2019-01-16,R07_Rate Bets,0.070921324
2019-01-16,R08_Tech Alpha,0.045637965
2019-01-16,R09_Small Cap Health,0.03859967
2019-01-16,R10_Mid Cap Cycle,0.024544403
2019-01-16,R11_Value Rotation,0.045883894
2019-01-16,R12_Consumer Cycle,0.05703649
2019-01-16,R13_New/Old Economy,0.08703011
2019-01-16,R14_Defensive Rotation,0.025373936
2019-01-16,R15_Industrial Momentum,0.047746897
2019-01-16,R16_Commodity Infl Pulse,0.035767972
2019-01-16,R17_Global Risk,0.038299322
2019-01-16,R18_Industrial Cycle,0.045133114
2019-01-16,R19_Semiconductor Cycle,0.066876054
2019-01-16,R20_Real Estate vs Rates,0.060885966
2019-01-24,R01_Risk Sentiment,0.08236319
2019-01-24,R02_Real Rates Hedge,0.034816578
2019-01-24,R03_Safe Haven Pivot,0.076682866
2019-01-24,R04_Currency War,0.059753418
2019-01-24,R05_Credit Stress,0.017592777
2019-01-24,R06_Yield Curve,0.03500223
2019-01-24,R07_Rate Bets,0.07822513
2019-01-24,R08_Tech Alpha,0.042585105
2019-01-24,R09_Small Cap Health,0.03480202
2019-01-24,R10_Mid Cap Cycle,0.026489854
2019-01-24,R11_Value Rotation,0.04349971
2019-01-24,R12_Consumer Cycle,0.047708668
2019-01-24,R13_New/Old Economy,0.08148801
2019-01-24,R14_Defensive Rotation,0.025357604
2019-01-24,R15_Industrial Momentum,0.028660655
2019-01-24,R16_Commodity Infl Pulse,0.035979316
2019-01-24,R17_Global Risk,0.038354605
2019-01-24,R18_Industrial Cycle,0.045167685
2019-01-24,R19_Semiconductor Cycle,0.05568981
2019-01-24,R20_Real Estate vs Rates,0.052736223
2019-01-31,R01_Risk Sentiment,0.07589197
2019-01-31,R02_Real Rates Hedge,0.0394257
2019-01-31,R03_Safe Haven Pivot,0.06618279
2019-01-31,R04_Currency War,0.048420787
2019-01-31,R05_Credit Stress,0.01357676
2019-01-31,R06_Yield Curve,0.039568007
2019-01-31,R07_Rate Bets,0.057104383
2019-01-31,R08_Tech Alpha,0.02934739
2019-01-31,R09_Small Cap Health,0.038927317
2019-01-31,R10_Mid Cap Cycle,0.022358477
2019-01-31,R11_Value Rotation,0.04126787
2019-01-31,R12_Consumer Cycle,0.049987562
2019-01-31,R13_New/Old Economy,0.06616804
2019-01-31,R14_Defensive Rotation,0.033792734
2019-01-31,R15_Industrial Momentum,0.0477854
2019-01-31,R16_Commodity Infl Pulse,0.037158083
2019-01-31,R17_Global Risk,0.035959035
2019-01-31,R18_Industrial Cycle,0.0452013
2019-01-31,R19_Semiconductor Cycle,0.07844889
2019-01-31,R20_Real Estate vs Rates,0.0442681
2019-02-07,R01_Risk Sentiment,0.069405615
2019-02-07,R02_Real Rates Hedge,0.04118608
2019-02-07,R03_Safe Haven Pivot,0.057088137
2019-02-07,R04_Currency War,0.05979991
2019-02-07,R05_Credit Stress,0.015190922
2019-02-07,R06_Yield Curve,0.037285805
2019-02-07,R07_Rate Bets,0.06543982
2019-02-07,R08_Tech Alpha,0.029272646
2019-02-07,R09_Small Cap Health,0.031034589
2019-02-07,R10_Mid Cap Cycle,0.022183374
2019-02-07,R11_Value Rotation,0.031959265
2019-02-07,R12_Consumer Cycle,0.047610916
2019-02-07,R13_New/Old Economy,0.07355276
2019-02-07,R14_Defensive Rotation,0.025328755
2019-02-07,R15_Industrial Momentum,0.028680563
2019-02-07,R16_Commodity Infl Pulse,0.037717022
2019-02-07,R17_Global Risk,0.03547129
2019-02-07,R18_Industrial Cycle,0.045235634
2019-02-07,R19_Semiconductor Cycle,0.06725979
2019-02-07,R20_Real Estate vs Rates,0.046961248
2019-02-14,R01_Risk Sentiment,0.056875765
2019-02-14,R02_Real Rates Hedge,0.040964514
2019-02-14,R03_Safe Haven Pivot,0.057201266
2019-02-14,R04_Currency War,0.071772695
2019-02-14,R05_Credit Stress,0.018349864
2019-02-14,R06_Yield Curve,0.03734833
2019-02-14,R07_Rate Bets,0.07274496
2019-02-14,R08_Tech Alpha,0.032268554
2019-02-14,R09_Small Cap Health,0.02758342
2019-02-14,R10_Mid Cap Cycle,0.022214547
2019-02-14,R11_Value Rotation,0.036705285
2019-02-14,R12_Consumer Cycle,0.04769183
2019-02-14,R13_New/Old Economy,0.079986334
2019-02-14,R14_Defensive Rotation,0.025311947
2019-02-14,R15_Industrial Momentum,0.028687716
2019-02-14,R16_Commodity Infl Pulse,0.03114038
2019-02-14,R17_Global Risk,0.043415397
2019-02-14,R18_Industrial Cycle,0.04527402
2019-02-14,R19_Semiconductor Cycle,0.06775546
2019-02-14,R20_Real Estate vs Rates,0.041381925
2019-02-22,R01_Risk Sentiment,0.069640815
2019-02-22,R02_Real Rates Hedge,0.048913166
2019-02-22,R03_Safe Haven Pivot,0.085885584
2019-02-22,R04_Currency War,0.059819937
2019-02-22,R05_Credit Stress,0.013677267
2019-02-22,R06_Yield Curve,0.03273177
2019-02-22,R07_Rate Bets,0.064390145
2019-02-22,R08_Tech Alpha,0.025757879
2019-02-22,R09_Small Cap Health,0.031116605
2019-02-22,R10_Mid Cap Cycle,0.022150174
2019-02-22,R11_Value Rotation,0.0411143
2019-02-22,R12_Consumer Cycle,0.0553267
2019-02-22,R13_New/Old Economy,0.08391562
2019-02-22,R14_Defensive Rotation,0.03373301
2019-02-22,R15_Industrial Momentum,0.028691769
2019-02-22,R16_Commodity Infl Pulse,0.03713917
2019-02-22,R17_Global Risk,0.035505205
2019-02-22,R18_Industrial Cycle,0.030964613
2019-02-22,R19_Semiconductor Cycle,0.07824063
2019-02-22,R20_Real Estate vs Rates,0.058033764
2019-03-01,R01_Risk Sentiment,0.057406187
2019-03-01,R02_Real Rates Hedge,0.044134647
2019-03-01,R03_Safe Haven Pivot,0.08108652
2019-03-01,R04_Currency War,0.07180679
2019-03-01,R05_Credit Stress,0.014162941
2019-03-01,R06_Yield Curve,0.03990528
2019-03-01,R07_Rate Bets,0.053183854
2019-03-01,R08_Tech Alpha,0.03212586
2019-03-01,R09_Small Cap Health,0.027453244
2019-03-01,R10_Mid Cap Cycle,0.026280075
2019-03-01,R11_Value Rotation,0.040961176
2019-03-01,R12_Consumer Cycle,0.0448862
2019-03-01,R13_New/Old Economy,0.07387072
2019-03-01,R14_Defensive Rotation,0.016858935
2019-03-01,R15_Industrial Momentum,0.029174566
2019-03-01,R16_Commodity Infl Pulse,0.035188965
2019-03-01,R17_Global Risk,0.0381763
2019-03-01,R18_Industrial Cycle,0.030237198
2019-03-01,R19_Semiconductor Cycle,0.06652558
2019-03-01,R20_Real Estate vs Rates,0.038351595
2019-03-08,R01_Risk Sentiment,0.095627725
2019-03-08,R02_Real Rates Hedge,0.045662776
2019-03-08,R03_Safe Haven Pivot,0.058102965
2019-03-08,R04_Currency War,0.060453773
2019-03-08,R05_Credit Stress,0.01589584
2019-03-08,R06_Yield Curve,0.03526172
2019-03-08,R07_Rate Bets,0.05536115
2019-03-08,R08_Tech Alpha,0.03541729
2019-03-08,R09_Small Cap Health,0.035094082
2019-03-08,R10_Mid Cap Cycle,0.022012368
2019-03-08,R11_Value Rotation,0.032042593
2019-03-08,R12_Consumer Cycle,0.047903486
2019-03-08,R13_New/Old Economy,0.0648413
2019-03-08,R14_Defensive Rotation,0.025280118
2019-03-08,R15_Industrial Momentum,0.028702974
2019-03-08,R16_Commodity Infl Pulse,0.027236313
2019-03-08,R17_Global Risk,0.04600227
2019-03-08,R18_Industrial Cycle,0.03102541
2019-03-08,R19_Semiconductor Cycle,0.055387616
2019-03-08,R20_Real Estate vs Rates,0.04650548
2019-03-15,R01_Risk Sentiment,0.07637018
2019-03-15,R02_Real Rates Hedge,0.04254429
2019-03-15,R03_Safe Haven Pivot,0.0671199
2019-03-15,R04_Currency War,0.05987215
2019-03-15,R05_Credit Stress,0.013144648
2019-03-15,R06_Yield Curve,0.03283891
2019-03-15,R07_Rate Bets,0.066211596
2019-03-15,R08_Tech Alpha,0.02877453
2019-03-15,R09_Small Cap Health,0.035336554
2019-03-15,R10_Mid Cap Cycle,0.023923546
2019-03-15,R11_Value Rotation,0.04536128
2019-03-15,R12_Consumer Cycle,0.038426593
2019-03-15,R13_New/Old Economy,0.060269117
2019-03-15,R14_Defensive Rotation,0.025274992
2019-03-15,R15_Industrial Momentum,0.038760662
2019-03-15,R16_Commodity Infl Pulse,0.026761245
2019-03-15,R17_Global Risk,0.035155594
2019-03-15,R18_Industrial Cycle,0.045449495
2019-03-15,R19_Semiconductor Cycle,0.055334806
2019-03-15,R20_Real Estate vs Rates,0.040979862
2019-03-22,R01_Risk Sentiment,0.070430934
2019-03-22,R02_Real Rates Hedge,0.03779529
2019-03-22,R03_Safe Haven Pivot,0.053341806
2019-03-22,R04_Currency War,0.048515797
2019-03-22,R05_Credit Stress,0.01310139
2019-03-22,R06_Yield Curve,0.033013344
2019-03-22,R07_Rate Bets,0.078309506
2019-03-22,R08_Tech Alpha,0.02263838
2019-03-22,R09_Small Cap Health,0.039292216
2019-03-22,R10_Mid Cap Cycle,0.02374442
2019-03-22,R11_Value Rotation,0.04309708
2019-03-22,R12_Consumer Cycle,0.044626594
2019-03-22,R13_New/Old Economy,0.07128906
2019-03-22,R14_Defensive Rotation,0.02527082
2019-03-22,R15_Industrial Momentum,0.038297653
2019-03-22,R16_Commodity Infl Pulse,0.034441855
2019-03-22,R17_Global Risk,0.03538844
2019-03-22,R18_Industrial Cycle,0.045493126
2019-03-22,R19_Semiconductor Cycle,0.04477036
2019-03-22,R20_Real Estate vs Rates,0.04104966
2019-03-29,R01_Risk Sentiment,0.095700026
2019-03-29,R02_Real Rates Hedge,0.059704386
2019-03-29,R03_Safe Haven Pivot,0.07294732
2019-03-29,R04_Currency War,0.060509562
2019-03-29,R05_Credit Stress,0.014242224
2019-03-29,R06_Yield Curve,0.033106685
2019-03-29,R07_Rate Bets,0.0672102
2019-03-29,R08_Tech Alpha,0.028620183
2019-03-29,R09_Small Cap Health,0.03543067
2019-03-29,R10_Mid Cap Cycle,0.02958253
2019-03-29,R11_Value Rotation,0.040848106
2019-03-29,R12_Consumer Cycle,0.038238466
2019-03-29,R13_New/Old Economy,0.073826075
2019-03-29,R14_Defensive Rotation,0.016846418
2019-03-29,R15_Industrial Momentum,0.0383116
2019-03-29,R16_Commodity Infl Pulse,0.031350818
2019-03-29,R17_Global Risk,0.03778839
2019-03-29,R18_Industrial Cycle,0.045534134
2019-03-29,R19_Semiconductor Cycle,0.06626105
2019-03-29,R20_Real Estate vs Rates,0.038231164
2019-04-05,R01_Risk Sentiment,0.083063245
2019-04-05,R02_Real Rates Hedge,0.05001484
2019-04-05,R03_Safe Haven Pivot,0.067846835
2019-04-05,R04_Currency War,0.06051147
2019-04-05,R05_Credit Stress,0.009220678
2019-04-05,R06_Yield Curve,0.035658598
2019-04-05,R07_Rate Bets,0.060657125
2019-04-05,R08_Tech Alpha,0.028544426
2019-04-05,R09_Small Cap Health,0.03940028
2019-04-05,R10_Mid Cap Cycle,0.025654286
2019-04-05,R11_Value Rotation,0.04289213
2019-04-05,R12_Consumer Cycle,0.049875453
2019-04-05,R13_New/Old Economy,0.090204924
2019-04-05,R14_Defensive Rotation,0.025269032
2019-04-05,R15_Industrial Momentum,0.038321137
2019-04-05,R16_Commodity Infl Pulse,0.03003166
2019-04-05,R17_Global Risk,0.037902594
2019-04-05,R18_Industrial Cycle,0.030382872
2019-04-05,R19_Semiconductor Cycle,0.055161
2019-04-05,R20_Real Estate vs Rates,0.03812942
2019-04-12,R01_Risk Sentiment,0.064333916
2019-04-12,R02_Real Rates Hedge,0.045153394
2019-04-12,R03_Safe Haven Pivot,0.08235419
2019-04-12,R04_Currency War,0.048529625
2019-04-12,R05_Credit Stress,0.011667473
2019-04-12,R06_Yield Curve,0.04021141
2019-04-12,R07_Rate Bets,0.06014022
2019-04-12,R08_Tech Alpha,0.028469384
2019-04-12,R09_Small Cap Health,0.035329342
2019-04-12,R10_Mid Cap Cycle,0.023519322
2019-04-12,R11_Value Rotation,0.036049813
2019-04-12,R12_Consumer Cycle,0.052418172
2019-04-12,R13_New/Old Economy,0.0704785
2019-04-12,R14_Defensive Rotation,0.025270343
2019-04-12,R15_Industrial Momentum,0.038811803
2019-04-12,R16_Commodity Infl Pulse,0.031507984
2019-04-12,R17_Global Risk,0.045819998
2019-04-12,R18_Industrial Cycle,0.03117323
2019-04-12,R19_Semiconductor Cycle,0.06722379
2019-04-12,R20_Real Estate vs Rates,0.046408206
2019-04-22,R01_Risk Sentiment,0.05772841
2019-04-22,R02_Real Rates Hedge,0.052813575
2019-04-22,R03_Safe Haven Pivot,0.05833119
2019-04-22,R04_Currency War,0.04793787
2019-04-22,R05_Credit Stress,0.00967484
2019-04-22,R06_Yield Curve,0.045000404
2019-04-22,R07_Rate Bets,0.071188696
2019-04-22,R08_Tech Alpha,0.025240451
2019-04-22,R09_Small Cap Health,0.031449556
2019-04-22,R10_Mid Cap Cycle,0.023643479
2019-04-22,R11_Value Rotation,0.027005225
2019-04-22,R12_Consumer Cycle,0.050533652
2019-04-22,R13_New/Old Economy,0.065499336
2019-04-22,R14_Defensive Rotation,0.059409022
2019-04-22,R15_Industrial Momentum,0.03882134
2019-04-22,R16_Commodity Infl Pulse,0.027788319
2019-04-22,R17_Global Risk,0.032316208
2019-04-22,R18_Industrial Cycle,0.031205416
2019-04-22,R19_Semiconductor Cycle,0.07759297
2019-04-22,R20_Real Estate vs Rates,0.048590034
2019-04-29,R01_Risk Sentiment,0.05206704
2019-04-29,R02_Real Rates Hedge,0.037330464
2019-04-29,R03_Safe Haven Pivot,0.053913474
2019-04-29,R04_Currency War,0.05992806
2019-04-29,R05_Credit Stress,0.0125190355
2019-04-29,R06_Yield Curve,0.038177013
2019-04-29,R07_Rate Bets,0.05436936
2019-04-29,R08_Tech Alpha,0.025167704
2019-04-29,R09_Small Cap Health,0.035631895
2019-04-29,R10_Mid Cap Cycle,0.02551353
2019-04-29,R11_Value Rotation,0.035758287
2019-04-29,R12_Consumer Cycle,0.04030125
2019-04-29,R13_New/Old Economy,0.079271555
2019-04-29,R14_Defensive Rotation,0.05058694
2019-04-29,R15_Industrial Momentum,0.03835225
2019-04-29,R16_Commodity Infl Pulse,0.031156905
2019-04-29,R17_Global Risk,0.03498438
2019-04-29,R18_Industrial Cycle,0.030474186
2019-04-29,R19_Semiconductor Cycle,0.09890592
2019-04-29,R20_Real Estate vs Rates,0.04593876
2019-05-06,R01_Risk Sentiment,0.058310926
2019-05-06,R02_Real Rates Hedge,0.064861536
2019-05-06,R03_Safe Haven Pivot,0.05413258
2019-05-06,R04_Currency War,0.05992937
2019-05-06,R05_Credit Stress,0.012397673
2019-05-06,R06_Yield Curve,0.040582478
2019-05-06,R07_Rate Bets,0.05172679
2019-05-06,R08_Tech Alpha,0.028235584
2019-05-06,R09_Small Cap Health,0.035685003
2019-05-06,R10_Mid Cap Cycle,0.021545514
2019-05-06,R11_Value Rotation,0.0382237
2019-05-06,R12_Consumer Cycle,0.04596667
2019-05-06,R13_New/Old Economy,0.06948176
2019-05-06,R14_Defensive Rotation,0.033736706
2019-05-06,R15_Industrial Momentum,0.038842678
2019-05-06,R16_Commodity Infl Pulse,0.029407846
2019-05-06,R17_Global Risk,0.032274902
2019-05-06,R18_Industrial Cycle,0.045755386
2019-05-06,R19_Semiconductor Cycle,0.077361226
2019-05-06,R20_Real Estate vs Rates,0.046115547
2019-05-13,R01_Risk Sentiment,0.07745689
2019-05-13,R02_Real Rates Hedge,0.04479091
2019-05-13,R03_Safe Haven Pivot,0.06414765
2019-05-13,R04_Currency War,0.06052184
2019-05-13,R05_Credit Stress,0.014089359
2019-05-13,R06_Yield Curve,0.03339106
2019-05-13,R07_Rate Bets,0.056813974
2019-05-13,R08_Tech Alpha,0.03145057
2019-05-13,R09_Small Cap Health,0.031792402
2019-05-13,R10_Mid Cap Cycle,0.02514404
2019-05-13,R11_Value Rotation,0.031125784
2019-05-13,R12_Consumer Cycle,0.054184906
2019-05-13,R13_New/Old Economy,0.09353346
2019-05-13,R14_Defensive Rotation,0.04217899
2019-05-13,R15_Industrial Momentum,0.03837824
2019-05-13,R16_Commodity Infl Pulse,0.02858992
2019-05-13,R17_Global Risk,0.045838475
2019-05-13,R18_Industrial Cycle,0.030529976
2019-05-13,R19_Semiconductor Cycle,0.07726538
2019-05-13,R20_Real Estate vs Rates,0.04884574
2019-05-20,R01_Risk Sentiment,0.07756704
2019-05-20,R02_Real Rates Hedge,0.040058136
2019-05-20,R03_Safe Haven Pivot,0.07442963
2019-05-20,R04_Currency War,0.047929764
2019-05-20,R05_Credit Stress,0.013436973
2019-05-20,R06_Yield Curve,0.033331096
2019-05-20,R07_Rate Bets,0.053104684
2019-05-20,R08_Tech Alpha,0.028420657
2019-05-20,R09_Small Cap Health,0.03995365
2019-05-20,R10_Mid Cap Cycle,0.023319647
2019-05-20,R11_Value Rotation,0.03340198
2019-05-20,R12_Consumer Cycle,0.04919
2019-05-20,R13_New/Old Economy,0.09688583
2019-05-20,R14_Defensive Rotation,0.04219091
2019-05-20,R15_Industrial Momentum,0.038393974
2019-05-20,R16_Commodity Infl Pulse,0.031760234
2019-05-20,R17_Global Risk,0.059557557
2019-05-20,R18_Industrial Cycle,0.030554295
2019-05-20,R19_Semiconductor Cycle,0.08758533
2019-05-20,R20_Real Estate vs Rates,0.04818347
2019-05-28,R01_Risk Sentiment,0.11649084
2019-05-28,R02_Real Rates Hedge,0.038332194
2019-05-28,R03_Safe Haven Pivot,0.08449948
2019-05-28,R04_Currency War,0.059901357
2019-05-28,R05_Credit Stress,0.015364168
2019-05-28,R06_Yield Curve,0.036027193
2019-05-28,R07_Rate Bets,0.07258895
2019-05-28,R08_Tech Alpha,0.034297436
2019-05-28,R09_Small Cap Health,0.043587863
2019-05-28,R10_Mid Cap Cycle,0.025055066
2019-05-28,R11_Value Rotation,0.037911236
2019-05-28,R12_Consumer Cycle,0.059640005
2019-05-28,R13_New/Old Economy,0.077764034
2019-05-28,R14_Defensive Rotation,0.042194963
2019-05-28,R15_Industrial Momentum,0.03841102
2019-05-28,R16_Commodity Infl Pulse,0.026037106
2019-05-28,R17_Global Risk,0.048422217
2019-05-28,R18_Industrial Cycle,0.03134179
2019-05-28,R19_Semiconductor Cycle,0.121454716
2019-05-28,R20_Real Estate vs Rates,0.04845625
2019-06-04,R01_Risk Sentiment,0.12986028
2019-06-04,R02_Real Rates Hedge,0.038260102
2019-06-04,R03_Safe Haven Pivot,0.11910796
2019-06-04,R04_Currency War,0.059881926
2019-06-04,R05_Credit Stress,0.017370202
2019-06-04,R06_Yield Curve,0.048083425
2019-06-04,R07_Rate Bets,0.06682243
2019-06-04,R08_Tech Alpha,0.034558922
2019-06-04,R09_Small Cap Health,0.03968984
2019-06-04,R10_Mid Cap Cycle,0.024963275
2019-06-04,R11_Value Rotation,0.059925377
2019-06-04,R12_Consumer Cycle,0.061589234
2019-06-04,R13_New/Old Economy,0.09116691
2019-06-04,R14_Defensive Rotation,0.03417933
2019-06-04,R15_Industrial Momentum,0.0384264
2019-06-04,R16_Commodity Infl Pulse,0.038053334
2019-06-04,R17_Global Risk,0.05703768
2019-06-04,R18_Industrial Cycle,0.030603647
2019-06-04,R19_Semiconductor Cycle,0.0661757
2019-06-04,R20_Real Estate vs Rates,0.053266436
2019-06-11,R01_Risk Sentiment,0.0907715
2019-06-11,R02_Real Rates Hedge,0.036854267
2019-06-11,R03_Safe Haven Pivot,0.0647791
2019-06-11,R04_Currency War,0.04908502
2019-06-11,R05_Credit Stress,0.016794065
2019-06-11,R06_Yield Curve,0.05035785
2019-06-11,R07_Rate Bets,0.05749329
2019-06-11,R08_Tech Alpha,0.047108024
2019-06-11,R09_Small Cap Health,0.03995377
2019-06-11,R10_Mid Cap Cycle,0.028688774
2019-06-11,R11_Value Rotation,0.044618666
2019-06-11,R12_Consumer Cycle,0.054084674
2019-06-11,R13_New/Old Economy,0.0808287
2019-06-11,R14_Defensive Rotation,0.033757687
2019-06-11,R15_Industrial Momentum,0.028830886
2019-06-11,R16_Commodity Infl Pulse,0.0388107
2019-06-11,R17_Global Risk,0.048699945
2019-06-11,R18_Industrial Cycle,0.045948505
2019-06-11,R19_Semiconductor Cycle,0.07653439
2019-06-11,R20_Real Estate vs Rates,0.045301467
2019-06-18,R01_Risk Sentiment,0.09737104
2019-06-18,R02_Real Rates Hedge,0.03795793
2019-06-18,R03_Safe Haven Pivot,0.0699144
2019-06-18,R04_Currency War,0.04786849
2019-06-18,R05_Credit Stress,0.012605587
2019-06-18,R06_Yield Curve,0.048064828
2019-06-18,R07_Rate Bets,0.066313975
2019-06-18,R08_Tech Alpha,0.0312078
2019-06-18,R09_Small Cap Health,0.039819896
2019-06-18,R10_Mid Cap Cycle,0.024789453
2019-06-18,R11_Value Rotation,0.02877146
2019-06-18,R12_Consumer Cycle,0.054854363
2019-06-18,R13_New/Old Economy,0.094105154
2019-06-18,R14_Defensive Rotation,0.0257411
2019-06-18,R15_Industrial Momentum,0.038460493
2019-06-18,R16_Commodity Infl Pulse,0.04097282
2019-06-18,R17_Global Risk,0.037807047
2019-06-18,R18_Industrial Cycle,0.04599428
2019-06-18,R19_Semiconductor Cycle,0.08798754
2019-06-18,R20_Real Estate vs Rates,0.034573525
2019-06-25,R01_Risk Sentiment,0.08449727
2019-06-25,R02_Real Rates Hedge,0.046878755
2019-06-25,R03_Safe Haven Pivot,0.09501326
2019-06-25,R04_Currency War,0.047849774
2019-06-25,R05_Credit Stress,0.017074319
2019-06-25,R06_Yield Curve,0.045883715
2019-06-25,R07_Rate Bets,0.05603978
2019-06-25,R08_Tech Alpha,0.02821514
2019-06-25,R09_Small Cap Health,0.044082105
2019-06-25,R10_Mid Cap Cycle,0.024695098
2019-06-25,R11_Value Rotation,0.037710994
2019-06-25,R12_Consumer Cycle,0.05271565
2019-06-25,R13_New/Old Economy,0.1145083
2019-06-25,R14_Defensive Rotation,0.025742292
2019-06-25,R15_Industrial Momentum,0.028857708
2019-06-25,R16_Commodity Infl Pulse,0.027625218
2019-06-25,R17_Global Risk,0.043043196
2019-06-25,R18_Industrial Cycle,0.030693293
2019-06-25,R19_Semiconductor Cycle,0.10927403
2019-06-25,R20_Real Estate vs Rates,0.058246315
2019-07-02,R01_Risk Sentiment,0.078748345
2019-07-02,R02_Real Rates Hedge,0.0638005
2019-07-02,R03_Safe Haven Pivot,0.09567851
2019-07-02,R04_Currency War,0.03587663
2019-07-02,R05_Credit Stress,0.01828289
2019-07-02,R06_Yield Curve,0.043687403
2019-07-02,R07_Rate Bets,0.0640233
2019-07-02,R08_Tech Alpha,0.0405353
2019-07-02,R09_Small Cap Health,0.0441702
2019-07-02,R10_Mid Cap Cycle,0.03034389
2019-07-02,R11_Value Rotation,0.037652984
2019-07-02,R12_Consumer Cycle,0.046485305
2019-07-02,R13_New/Old Economy,0.09637275
2019-07-02,R14_Defensive Rotation,0.0341866
2019-07-02,R15_Industrial Momentum,0.028871655
2019-07-02,R16_Commodity Infl Pulse,0.029644959
2019-07-02,R17_Global Risk,0.04046926
2019-07-02,R18_Industrial Cycle,0.030723572
2019-07-02,R19_Semiconductor Cycle,0.07698834
2019-07-02,R20_Real Estate vs Rates,0.05802229
2019-07-10,R01_Risk Sentiment,0.07170081
2019-07-10,R02_Real Rates Hedge,0.053020403
2019-07-10,R03_Safe Haven Pivot,0.07007784
2019-07-10,R04_Currency War,0.047818184
2019-07-10,R05_Credit Stress,0.014304806
2019-07-10,R06_Yield Curve,0.04884669
2019-07-10,R07_Rate Bets,0.06844394
2019-07-10,R08_Tech Alpha,0.027950108
2019-07-10,R09_Small Cap Health,0.048058808
2019-07-10,R10_Mid Cap Cycle,0.026381522
2019-07-10,R11_Value Rotation,0.033179715
2019-07-10,R12_Consumer Cycle,0.045987263
2019-07-10,R13_New/Old Economy,0.09024128
2019-07-10,R14_Defensive Rotation,0.025333405
2019-07-10,R15_Industrial Momentum,0.048146844
2019-07-10,R16_Commodity Infl Pulse,0.033619933
2019-07-10,R17_Global Risk,0.04328373
2019-07-10,R18_Industrial Cycle,0.046129942
2019-07-10,R19_Semiconductor Cycle,0.07639766
2019-07-10,R20_Real Estate vs Rates,0.047753334
2019-07-17,R01_Risk Sentiment,0.071829855
2019-07-17,R02_Real Rates Hedge,0.050292015
2019-07-17,R03_Safe Haven Pivot,0.0752275
2019-07-17,R04_Currency War,0.048389435
2019-07-17,R05_Credit Stress,0.013868868
2019-07-17,R06_Yield Curve,0.043715537
2019-07-17,R07_Rate Bets,0.049137093
2019-07-17,R08_Tech Alpha,0.030815244
2019-07-17,R09_Small Cap Health,0.04033929
2019-07-17,R10_Mid Cap Cycle,0.031876296
2019-07-17,R11_Value Rotation,0.035203367
2019-07-17,R12_Consumer Cycle,0.04121764
2019-07-17,R13_New/Old Economy,0.078367025
2019-07-17,R14_Defensive Rotation,0.033797383
2019-07-17,R15_Industrial Momentum,0.028904438
2019-07-17,R16_Commodity Infl Pulse,0.04133621
2019-07-17,R17_Global Risk,0.045827687
2019-07-17,R18_Industrial Cycle,0.061567545
2019-07-17,R19_Semiconductor Cycle,0.08778536
2019-07-17,R20_Real Estate vs Rates,0.049997985
2019-07-24,R01_Risk Sentiment,0.07226032
2019-07-24,R02_Real Rates Hedge,0.047338367
2019-07-24,R03_Safe Haven Pivot,0.06553888
2019-07-24,R04_Currency War,0.047763586
2019-07-24,R05_Credit Stress,0.016626876
2019-07-24,R06_Yield Curve,0.046245605
2019-07-24,R07_Rate Bets,0.0598531
2019-07-24,R08_Tech Alpha,0.02781856
2019-07-24,R09_Small Cap Health,0.03218484
2019-07-24,R10_Mid Cap Cycle,0.030155465
2019-07-24,R11_Value Rotation,0.037317917
2019-07-24,R12_Consumer Cycle,0.044991076
2019-07-24,R13_New/Old Economy,0.08537474
2019-07-24,R14_Defensive Rotation,0.03381622
2019-07-24,R15_Industrial Momentum,0.029405117
2019-07-24,R16_Commodity Infl Pulse,0.038628146
2019-07-24,R17_Global Risk,0.043130755
2019-07-24,R18_Industrial Cycle,0.046975374
2019-07-24,R19_Semiconductor Cycle,0.06535864
2019-07-24,R20_Real Estate vs Rates,0.05775082
2019-07-31,R01_Risk Sentiment,0.07203692
2019-07-31,R02_Real Rates Hedge,0.0442093
2019-07-31,R03_Safe Haven Pivot,0.075695276
2019-07-31,R04_Currency War,0.047727227
2019-07-31,R05_Credit Stress,0.016736675
2019-07-31,R06_Yield Curve,0.04647699
2019-07-31,R07_Rate Bets,0.052521337
2019-07-31,R08_Tech Alpha,0.024692297
2019-07-31,R09_Small Cap Health,0.044751465
2019-07-31,R10_Mid Cap Cycle,0.024196967
2019-07-31,R11_Value Rotation,0.03516233
2019-07-31,R12_Consumer Cycle,0.052077197
2019-07-31,R13_New/Old Economy,0.08812824
2019-07-31,R14_Defensive Rotation,0.025800228
2019-07-31,R15_Industrial Momentum,0.038586974
2019-07-31,R16_Commodity Infl Pulse,0.038791917
2019-07-31,R17_Global Risk,0.03790745
2019-07-31,R18_Industrial Cycle,0.061640978
2019-07-31,R19_Semiconductor Cycle,0.076170444
2019-07-31,R20_Real Estate vs Rates,0.0601016
2019-08-07,R01_Risk Sentiment,0.12483972
2019-08-07,R02_Real Rates Hedge,0.05035758
2019-08-07,R03_Safe Haven Pivot,0.11100364
2019-08-07,R04_Currency War,0.05960381
2019-08-07,R05_Credit Stress,0.017486326
2019-08-07,R06_Yield Curve,0.058579683
2019-08-07,R07_Rate Bets,0.047192402
2019-08-07,R08_Tech Alpha,0.027713805
2019-08-07,R09_Small Cap Health,0.03676349
2019-08-07,R10_Mid Cap Cycle,0.031396374
2019-08-07,R11_Value Rotation,0.03720385
2019-08-07,R12_Consumer Cycle,0.054136828
2019-08-07,R13_New/Old Economy,0.08755687
2019-08-07,R14_Defensive Rotation,0.034276366
2019-08-07,R15_Industrial Momentum,0.038607836
2019-08-07,R16_Commodity Infl Pulse,0.040024824
2019-08-07,R17_Global Risk,0.045896858
2019-08-07,R18_Industrial Cycle,0.06168461
2019-08-07,R19_Semiconductor Cycle,0.07611394
2019-08-07,R20_Real Estate vs Rates,0.06300467
2019-08-14,R01_Risk Sentiment,0.12551475
2019-08-14,R02_Real Rates Hedge,0.04871629
2019-08-14,R03_Safe Haven Pivot,0.08134198
2019-08-14,R04_Currency War,0.04763615
2019-08-14,R05_Credit Stress,0.01591308
2019-08-14,R06_Yield Curve,0.0663082
2019-08-14,R07_Rate Bets,0.050614376
2019-08-14,R08_Tech Alpha,0.030570447
2019-08-14,R09_Small Cap Health,0.036641836
2019-08-14,R10_Mid Cap Cycle,0.025934443
2019-08-14,R11_Value Rotation,0.0328881
2019-08-14,R12_Consumer Cycle,0.044917576
2019-08-14,R13_New/Old Economy,0.07515061
2019-08-14,R14_Defensive Rotation,0.025398493
2019-08-14,R15_Industrial Momentum,0.02897036
2019-08-14,R16_Commodity Infl Pulse,0.039419495
2019-08-14,R17_Global Risk,0.043266445
2019-08-14,R18_Industrial Cycle,0.061728954
2019-08-14,R19_Semiconductor Cycle,0.09778488
2019-08-14,R20_Real Estate vs Rates,0.06524089
2019-08-21,R01_Risk Sentiment,0.14449877
2019-08-21,R02_Real Rates Hedge,0.04250118
2019-08-21,R03_Safe Haven Pivot,0.0864023
2019-08-21,R04_Currency War,0.047581673
2019-08-21,R05_Credit Stress,0.017915387
2019-08-21,R06_Yield Curve,0.084112674
2019-08-21,R07_Rate Bets,0.04930195
2019-08-21,R08_Tech Alpha,0.027614504
2019-08-21,R09_Small Cap Health,0.03651285
2019-08-21,R10_Mid Cap Cycle,0.020244539
2019-08-21,R11_Value Rotation,0.028565168
2019-08-21,R12_Consumer Cycle,0.05363006
2019-08-21,R13_New/Old Economy,0.0663808
2019-08-21,R14_Defensive Rotation,0.033874154
2019-08-21,R15_Industrial Momentum,0.028986692
2019-08-21,R16_Commodity Infl Pulse,0.03247258
2019-08-21,R17_Global Risk,0.0352225
2019-08-21,R18_Industrial Cycle,0.061769724
2019-08-21,R19_Semiconductor Cycle,0.0651288
2019-08-21,R20_Real Estate vs Rates,0.052260667
2019-08-28,R01_Risk Sentiment,0.17071569
2019-08-28,R02_Real Rates Hedge,0.050075486
2019-08-28,R03_Safe Haven Pivot,0.12122476
2019-08-28,R04_Currency War,0.035646796
2019-08-28,R05_Credit Stress,0.017395172
2019-08-28,R06_Yield Curve,0.07682654
2019-08-28,R07_Rate Bets,0.07060681
2019-08-28,R08_Tech Alpha,0.030610472
2019-08-28,R09_Small Cap Health,0.036582887
2019-08-28,R10_Mid Cap Cycle,0.027741775
2019-08-28,R11_Value Rotation,0.030462861
2019-08-28,R12_Consumer Cycle,0.06223948
2019-08-28,R13_New/Old Economy,0.08313066
2019-08-28,R14_Defensive Rotation,0.025413752
2019-08-28,R15_Industrial Momentum,0.029003859
2019-08-28,R16_Commodity Infl Pulse,0.030716822
2019-08-28,R17_Global Risk,0.035405457
2019-08-28,R18_Industrial Cycle,0.061810255
2019-08-28,R19_Semiconductor Cycle,0.09760356
2019-08-28,R20_Real Estate vs Rates,0.067708045
2019-09-05,R01_Risk Sentiment,0.1330446
2019-09-05,R02_Real Rates Hedge,0.048406973
2019-09-05,R03_Safe Haven Pivot,0.091288626
2019-09-05,R04_Currency War,0.03560531
2019-09-05,R05_Credit Stress,0.014455594
2019-09-05,R06_Yield Curve,0.06737599
2019-09-05,R07_Rate Bets,0.062159665
2019-09-05,R08_Tech Alpha,0.024324328
2019-09-05,R09_Small Cap Health,0.0407241
2019-09-05,R10_Mid Cap Cycle,0.021910667
2019-09-05,R11_Value Rotation,0.02823183
2019-09-05,R12_Consumer Cycle,0.05398415
2019-09-05,R13_New/Old Economy,0.09067255
2019-09-05,R14_Defensive Rotation,0.033898473
2019-09-05,R15_Industrial Momentum,0.038692474
2019-09-05,R16_Commodity Infl Pulse,0.029564857
2019-09-05,R17_Global Risk,0.046013504
2019-09-05,R18_Industrial Cycle,0.108210325
2019-09-05,R19_Semiconductor Cycle,0.076387525
2019-09-05,R20_Real Estate vs Rates,0.049424946
2019-09-12,R01_Risk Sentiment,0.07280046
2019-09-12,R02_Real Rates Hedge,0.043962657
2019-09-12,R03_Safe Haven Pivot,0.06590825
2019-09-12,R04_Currency War,0.036153793
2019-09-12,R05_Credit Stress,0.0119406395
2019-09-12,R06_Yield Curve,0.072751045
2019-09-12,R07_Rate Bets,0.060151212
2019-09-12,R08_Tech Alpha,0.021246105
2019-09-12,R09_Small Cap Health,0.057320118
2019-09-12,R10_Mid Cap Cycle,0.023649335
2019-09-12,R11_Value Rotation,0.034679472
2019-09-12,R12_Consumer Cycle,0.046340384
2019-09-12,R13_New/Old Economy,0.10204545
2019-09-12,R14_Defensive Rotation,0.03391719
2019-09-12,R15_Industrial Momentum,0.048386097
2019-09-12,R16_Commodity Infl Pulse,0.039623253
2019-09-12,R17_Global Risk,0.027249813
2019-09-12,R18_Industrial Cycle,0.06263399
2019-09-12,R19_Semiconductor Cycle,0.086584926
2019-09-12,R20_Real Estate vs Rates,0.03638199
2019-09-19,R01_Risk Sentiment,0.08601475
2019-09-19,R02_Real Rates Hedge,0.045279995
2019-09-19,R03_Safe Haven Pivot,0.06627536
2019-09-19,R04_Currency War,0.03610766
2019-09-19,R05_Credit Stress,0.012990549
2019-09-19,R06_Yield Curve,0.06782636
2019-09-19,R07_Rate Bets,0.055276603
2019-09-19,R08_Tech Alpha,0.027275741
2019-09-19,R09_Small Cap Health,0.036980152
2019-09-19,R10_Mid Cap Cycle,0.023575082
2019-09-19,R11_Value Rotation,0.026190668
2019-09-19,R12_Consumer Cycle,0.05111278
2019-09-19,R13_New/Old Economy,0.10535008
2019-09-19,R14_Defensive Rotation,0.025454879
2019-09-19,R15_Industrial Momentum,0.04888773
2019-09-19,R16_Commodity Infl Pulse,0.032565095
2019-09-19,R17_Global Risk,0.03531131
2019-09-19,R18_Industrial Cycle,0.04641986
2019-09-19,R19_Semiconductor Cycle,0.06486952
2019-09-19,R20_Real Estate vs Rates,0.061986446
2019-09-26,R01_Risk Sentiment,0.10546905
2019-09-26,R02_Real Rates Hedge,0.051218882
2019-09-26,R03_Safe Haven Pivot,0.081326246
2019-09-26,R04_Currency War,0.035465837
2019-09-26,R05_Credit Stress,0.015363824
2019-09-26,R06_Yield Curve,0.075460345
2019-09-26,R07_Rate Bets,0.06132122
2019-09-26,R08_Tech Alpha,0.024209946
2019-09-26,R09_Small Cap Health,0.04502821
2019-09-26,R10_Mid Cap Cycle,0.023409203
2019-09-26,R11_Value Rotation,0.030266076
2019-09-26,R12_Consumer Cycle,0.059807405
2019-09-26,R13_New/Old Economy,0.1063551
2019-09-26,R14_Defensive Rotation,0.02547443
2019-09-26,R15_Industrial Momentum,0.038738728
2019-09-26,R16_Commodity Infl Pulse,0.033913277
2019-09-26,R17_Global Risk,0.03823358
2019-09-26,R18_Industrial Cycle,0.06269932
2019-09-26,R19_Semiconductor Cycle,0.064804554
2019-09-26,R20_Real Estate vs Rates,0.033595443
2019-10-03,R01_Risk Sentiment,0.12521964
2019-10-03,R02_Real Rates Hedge,0.05564508
2019-10-03,R03_Safe Haven Pivot,0.11694062
2019-10-03,R04_Currency War,0.035414457
2019-10-03,R05_Credit Stress,0.018039688
2019-10-03,R06_Yield Curve,0.07323244
2019-10-03,R07_Rate Bets,0.076637715
2019-10-03,R08_Tech Alpha,0.024323791
2019-10-03,R09_Small Cap Health,0.053330302
2019-10-03,R10_Mid Cap Cycle,0.021533042
2019-10-03,R11_Value Rotation,0.028170943
2019-10-03,R12_Consumer Cycle,0.043568924
2019-10-03,R13_New/Old Economy,0.08828902
2019-10-03,R14_Defensive Rotation,0.03399253
2019-10-03,R15_Industrial Momentum,0.029067874
2019-10-03,R16_Commodity Infl Pulse,0.03856647
2019-10-03,R17_Global Risk,0.038448483
2019-10-03,R18_Industrial Cycle,0.061962605
2019-10-03,R19_Semiconductor Cycle,0.07608068
2019-10-03,R20_Real Estate vs Rates,0.06445637
2019-10-10,R01_Risk Sentiment,0.093013525
2019-10-10,R02_Real Rates Hedge,0.049444124
2019-10-10,R03_Safe Haven Pivot,0.07616031
2019-10-10,R04_Currency War,0.035366178
2019-10-10,R05_Credit Stress,0.014489334
2019-10-10,R06_Yield Curve,0.06619766
2019-10-10,R07_Rate Bets,0.090089455
2019-10-10,R08_Tech Alpha,0.027290583
2019-10-10,R09_Small Cap Health,0.045237064
2019-10-10,R10_Mid Cap Cycle,0.025108203
2019-10-10,R11_Value Rotation,0.032305866
2019-10-10,R12_Consumer Cycle,0.042044822
2019-10-10,R13_New/Old Economy,0.08961427
2019-10-10,R14_Defensive Rotation,0.025510073
2019-10-10,R15_Industrial Momentum,0.038784385
2019-10-10,R16_Commodity Infl Pulse,0.028962135
2019-10-10,R17_Global Risk,0.03577581
2019-10-10,R18_Industrial Cycle,0.06276989
2019-10-10,R19_Semiconductor Cycle,0.04366517
2019-10-10,R20_Real Estate vs Rates,0.048469752
2019-10-17,R01_Risk Sentiment,0.078905106
2019-10-17,R02_Real Rates Hedge,0.05833447
2019-10-17,R03_Safe Haven Pivot,0.0660606
2019-10-17,R04_Currency War,0.035913587
2019-10-17,R05_Credit Stress,0.013936296
2019-10-17,R06_Yield Curve,0.07381645
2019-10-17,R07_Rate Bets,0.06568651
2019-10-17,R08_Tech Alpha,0.024072468
2019-10-17,R09_Small Cap Health,0.032996297
2019-10-17,R10_Mid Cap Cycle,0.026681855
2019-10-17,R11_Value Rotation,0.030187607
2019-10-17,R12_Consumer Cycle,0.049982287
2019-10-17,R13_New/Old Economy,0.06437653
2019-10-17,R14_Defensive Rotation,0.02552569
2019-10-17,R15_Industrial Momentum,0.039295077
2019-10-17,R16_Commodity Infl Pulse,0.038430274
2019-10-17,R17_Global Risk,0.03828138
2019-10-17,R18_Industrial Cycle,0.047295094
2019-10-17,R19_Semiconductor Cycle,0.07540369
2019-10-17,R20_Real Estate vs Rates,0.03586313
2019-10-24,R01_Risk Sentiment,0.07301384
2019-10-24,R02_Real Rates Hedge,0.04327351
2019-10-24,R03_Safe Haven Pivot,0.0513649
2019-10-24,R04_Currency War,0.047638535
2019-10-24,R05_Credit Stress,0.014699105
2019-10-24,R06_Yield Curve,0.07152814
2019-10-24,R07_Rate Bets,0.06638788
2019-10-24,R08_Tech Alpha,0.024024516
2019-10-24,R09_Small Cap Health,0.033289135
2019-10-24,R10_Mid Cap Cycle,0.024885595
2019-10-24,R11_Value Rotation,0.036648527
2019-10-24,R12_Consumer Cycle,0.0531253
2019-10-24,R13_New/Old Economy,0.09437209
2019-10-24,R14_Defensive Rotation,0.025539279
2019-10-24,R15_Industrial Momentum,0.038834095
2019-10-24,R16_Commodity Infl Pulse,0.041118823
2019-10-24,R17_Global Risk,0.027528048
2019-10-24,R18_Industrial Cycle,0.0465436
2019-10-24,R19_Semiconductor Cycle,0.086645365
2019-10-24,R20_Real Estate vs Rates,0.04854831
2019-10-31,R01_Risk Sentiment,0.079642534
2019-10-31,R02_Real Rates Hedge,0.04794635
2019-10-31,R03_Safe Haven Pivot,0.076614976
2019-10-31,R04_Currency War,0.046996713
2019-10-31,R05_Credit Stress,0.016711362
2019-10-31,R06_Yield Curve,0.051538616
2019-10-31,R07_Rate Bets,0.059078664
2019-10-31,R08_Tech Alpha,0.024124742
2019-10-31,R09_Small Cap Health,0.03316325
2019-10-31,R10_Mid Cap Cycle,0.022929817
2019-10-31,R11_Value Rotation,0.038680702
2019-10-31,R12_Consumer Cycle,0.050678357
2019-10-31,R13_New/Old Economy,0.08916801
2019-10-31,R14_Defensive Rotation,0.017459989
2019-10-31,R15_Industrial Momentum,0.038856745
2019-10-31,R16_Commodity Infl Pulse,0.044824272
2019-10-31,R17_Global Risk,0.024834126
2019-10-31,R18_Industrial Cycle,0.031820774
2019-10-31,R19_Semiconductor Cycle,0.09679079
2019-10-31,R20_Real Estate vs Rates,0.027930245
2019-11-07,R01_Risk Sentiment,0.06585705
2019-11-07,R02_Real Rates Hedge,0.051042944
2019-11-07,R03_Safe Haven Pivot,0.056049347
2019-11-07,R04_Currency War,0.046945453
2019-11-07,R05_Credit Stress,0.016528774
2019-11-07,R06_Yield Curve,0.06454551
2019-11-07,R07_Rate Bets,0.062451206
2019-11-07,R08_Tech Alpha,0.020930082
2019-11-07,R09_Small Cap Health,0.02908516
2019-11-07,R10_Mid Cap Cycle,0.02300775
2019-11-07,R11_Value Rotation,0.02981259
2019-11-07,R12_Consumer Cycle,0.04571753
2019-11-07,R13_New/Old Economy,0.09725648
2019-11-07,R14_Defensive Rotation,0.03408587
2019-11-07,R15_Industrial Momentum,0.048596382
2019-11-07,R16_Commodity Infl Pulse,0.04739411
2019-11-07,R17_Global Risk,0.03586623
2019-11-07,R18_Industrial Cycle,0.04659152
2019-11-07,R19_Semiconductor Cycle,0.07521391
2019-11-07,R20_Real Estate vs Rates,0.05053878
2019-11-14,R01_Risk Sentiment,0.07942426
2019-11-14,R02_Real Rates Hedge,0.04765272
2019-11-14,R03_Safe Haven Pivot,0.066327035
2019-11-14,R04_Currency War,0.046895266
2019-11-14,R05_Credit Stress,0.013856478
2019-11-14,R06_Yield Curve,0.06975132
2019-11-14,R07_Rate Bets,0.06795083
2019-11-14,R08_Tech Alpha,0.018200666
2019-11-14,R09_Small Cap Health,0.037481546
2019-11-14,R10_Mid Cap Cycle,0.024566665
2019-11-14,R11_Value Rotation,0.03618984
2019-11-14,R12_Consumer Cycle,0.056844093
2019-11-14,R13_New/Old Economy,0.07955873
2019-11-14,R14_Defensive Rotation,0.025999784
2019-11-14,R15_Industrial Momentum,0.03889358
2019-11-14,R16_Commodity Infl Pulse,0.0385814
2019-11-14,R17_Global Risk,0.041566104
2019-11-14,R18_Industrial Cycle,0.046620607
2019-11-14,R19_Semiconductor Cycle,0.064950824
2019-11-14,R20_Real Estate vs Rates,0.055422425
2019-11-21,R01_Risk Sentiment,0.085755885
2019-11-21,R02_Real Rates Hedge,0.05223134
2019-11-21,R03_Safe Haven Pivot,0.051085413
2019-11-21,R04_Currency War,0.03513682
2019-11-21,R05_Credit Stress,0.015362408
2019-11-21,R06_Yield Curve,0.04685238
2019-11-21,R07_Rate Bets,0.06550931
2019-11-21,R08_Tech Alpha,0.026955366
2019-11-21,R09_Small Cap Health,0.025252819
2019-11-21,R10_Mid Cap Cycle,0.021061406
2019-11-21,R11_Value Rotation,0.02762413
2019-11-21,R12_Consumer Cycle,0.04083222
2019-11-21,R13_New/Old Economy,0.07849997
2019-11-21,R14_Defensive Rotation,0.025577068
2019-11-21,R15_Industrial Momentum,0.03890896
2019-11-21,R16_Commodity Infl Pulse,0.038243815
2019-11-21,R17_Global Risk,0.033371955
2019-11-21,R18_Industrial Cycle,0.031101227
2019-11-21,R19_Semiconductor Cycle,0.07510328
2019-11-21,R20_Real Estate vs Rates,0.05037585
2019-11-29,R01_Risk Sentiment,0.066012025
2019-11-29,R02_Real Rates Hedge,0.037795275
2019-11-29,R03_Safe Haven Pivot,0.07239312
2019-11-29,R04_Currency War,0.03509879
2019-11-29,R05_Credit Stress,0.015318669
2019-11-29,R06_Yield Curve,0.05698085
2019-11-29,R07_Rate Bets,0.05091728
2019-11-29,R08_Tech Alpha,0.023937672
2019-11-29,R09_Small Cap Health,0.029693663
2019-11-29,R10_Mid Cap Cycle,0.02261351
2019-11-29,R11_Value Rotation,0.031776324
2019-11-29,R12_Consumer Cycle,0.041952588
2019-11-29,R13_New/Old Economy,0.07929206
2019-11-29,R14_Defensive Rotation,0.025577545
2019-11-29,R15_Industrial Momentum,0.03892219
2019-11-29,R16_Commodity Infl Pulse,0.041054815
2019-11-29,R17_Global Risk,0.036062956
2019-11-29,R18_Industrial Cycle,0.03189802
2019-11-29,R19_Semiconductor Cycle,0.07560384
2019-11-29,R20_Real Estate vs Rates,0.04039368
2019-12-06,R01_Risk Sentiment,0.06639433
2019-12-06,R02_Real Rates Hedge,0.049025103
2019-12-06,R03_Safe Haven Pivot,0.06659955
2019-12-06,R04_Currency War,0.047330618
2019-12-06,R05_Credit Stress,0.017747909
2019-12-06,R06_Yield Curve,0.06312537
2019-12-06,R07_Rate Bets,0.052933685
2019-12-06,R08_Tech Alpha,0.023751318
2019-12-06,R09_Small Cap Health,0.033527553
2019-12-06,R10_Mid Cap Cycle,0.022506297
2019-12-06,R11_Value Rotation,0.02737546
2019-12-06,R12_Consumer Cycle,0.047583684
2019-12-06,R13_New/Old Economy,0.09023428
2019-12-06,R14_Defensive Rotation,0.026002169
2019-12-06,R15_Industrial Momentum,0.029690504
2019-12-06,R16_Commodity Infl Pulse,0.041428953
2019-12-06,R17_Global Risk,0.030612111
2019-12-06,R18_Industrial Cycle,0.04671073
2019-12-06,R19_Semiconductor Cycle,0.0750401
2019-12-06,R20_Real Estate vs Rates,0.047540963
2019-12-13,R01_Risk Sentiment,0.06645268
2019-12-13,R02_Real Rates Hedge,0.055044547
2019-12-13,R03_Safe Haven Pivot,0.056435883
2019-12-13,R04_Currency War,0.04727459
2019-12-13,R05_Credit Stress,0.01756249
2019-12-13,R06_Yield Curve,0.065510154
2019-12-13,R07_Rate Bets,0.04857865
2019-12-13,R08_Tech Alpha,0.020749003
2019-12-13,R09_Small Cap Health,0.029820621
2019-12-13,R10_Mid Cap Cycle,0.022396848
2019-12-13,R11_Value Rotation,0.021000877
2019-12-13,R12_Consumer Cycle,0.04351957
2019-12-13,R13_New/Old Economy,0.08675414
2019-12-13,R14_Defensive Rotation,0.025574446
2019-12-13,R15_Industrial Momentum,0.029217958
2019-12-13,R16_Commodity Infl Pulse,0.035405144
2019-12-13,R17_Global Risk,0.047196776
2019-12-13,R18_Industrial Cycle,0.046741247
2019-12-13,R19_Semiconductor Cycle,0.06428337
2019-12-13,R20_Real Estate vs Rates,0.050044924
2019-12-20,R01_Risk Sentiment,0.06652099
2019-12-20,R02_Real Rates Hedge,0.050765425
2019-12-20,R03_Safe Haven Pivot,0.046488106
2019-12-20,R04_Currency War,0.046637654
2019-12-20,R05_Credit Stress,0.01658263
2019-12-20,R06_Yield Curve,0.052220285
2019-12-20,R07_Rate Bets,0.051959332
2019-12-20,R08_Tech Alpha,0.01774332
2019-12-20,R09_Small Cap Health,0.03367001
2019-12-20,R10_Mid Cap Cycle,0.017161235
2019-12-20,R11_Value Rotation,0.027496964
2019-12-20,R12_Consumer Cycle,0.043721423
2019-12-20,R13_New/Old Economy,0.09000337
2019-12-20,R14_Defensive Rotation,0.025998116
2019-12-20,R15_Industrial Momentum,0.038983107
2019-12-20,R16_Commodity Infl Pulse,0.043402538
2019-12-20,R17_Global Risk,0.05280271
2019-12-20,R18_Industrial Cycle,0.046764135
2019-12-20,R19_Semiconductor Cycle,0.08560836
2019-12-20,R20_Real Estate vs Rates,0.049810946
2019-12-30,R01_Risk Sentiment,0.06659591
2019-12-30,R02_Real Rates Hedge,0.04604885
2019-12-30,R03_Safe Haven Pivot,0.041385174
2019-12-30,R04_Currency War,0.046586752
2019-12-30,R05_Credit Stress,0.016289108
2019-12-30,R06_Yield Curve,0.052339047
2019-12-30,R07_Rate Bets,0.045159653
2019-12-30,R08_Tech Alpha,0.023896098
2019-12-30,R09_Small Cap Health,0.029516518
2019-12-30,R10_Mid Cap Cycle,0.016993865
2019-12-30,R11_Value Rotation,0.023001745
2019-12-30,R12_Consumer Cycle,0.040293694
2019-12-30,R13_New/Old Economy,0.07852137
2019-12-30,R14_Defensive Rotation,0.01747179
2019-12-30,R15_Industrial Momentum,0.039010644
2019-12-30,R16_Commodity Infl Pulse,0.04532644
2019-12-30,R17_Global Risk,0.041992456
2019-12-30,R18_Industrial Cycle,0.0467813
2019-12-30,R19_Semiconductor Cycle,0.06412017
2019-12-30,R20_Real Estate vs Rates,0.042244136
2020-01-07,R01_Risk Sentiment,0.06633258
2020-01-07,R02_Real Rates Hedge,0.059801936
2020-01-07,R03_Safe Haven Pivot,0.072270215
2020-01-07,R04_Currency War,0.034903765
2020-01-07,R05_Credit Stress,0.016671978
2020-01-07,R06_Yield Curve,0.06334674
2020-01-07,R07_Rate Bets,0.040489133
2020-01-07,R08_Tech Alpha,0.020749927
2020-01-07,R09_Small Cap Health,0.025562048
2020-01-07,R10_Mid Cap Cycle,0.02223888
2020-01-07,R11_Value Rotation,0.02486533
2020-01-07,R12_Consumer Cycle,0.04552175
2020-01-07,R13_New/Old Economy,0.081771016
2020-01-07,R14_Defensive Rotation,0.025993109
2020-01-07,R15_Industrial Momentum,0.048796654
2020-01-07,R16_Commodity Infl Pulse,0.050828174
2020-01-07,R17_Global Risk,0.042020142
2020-01-07,R18_Industrial Cycle,0.0467999
2020-01-07,R19_Semiconductor Cycle,0.064041615
2020-01-07,R20_Real Estate vs Rates,0.04732175
2020-01-14,R01_Risk Sentiment,0.059758782
2020-01-14,R02_Real Rates Hedge,0.0703838
2020-01-14,R03_Safe Haven Pivot,0.056875408
2020-01-14,R04_Currency War,0.04648328
2020-01-14,R05_Credit Stress,0.015262969
2020-01-14,R06_Yield Curve,0.039971113
2020-01-14,R07_Rate Bets,0.0469258
2020-01-14,R08_Tech Alpha,0.023628414
2020-01-14,R09_Small Cap Health,0.029643
2020-01-14,R10_Mid Cap Cycle,0.02363047
2020-01-14,R11_Value Rotation,0.02700235
2020-01-14,R12_Consumer Cycle,0.048444666
2020-01-14,R13_New/Old Economy,0.06777865
2020-01-14,R14_Defensive Rotation,0.034085393
2020-01-14,R15_Industrial Momentum,0.029299498
2020-01-14,R16_Commodity Infl Pulse,0.03996905
2020-01-14,R17_Global Risk,0.044696808
2020-01-14,R18_Industrial Cycle,0.046822548
2020-01-14,R19_Semiconductor Cycle,0.06449461
2020-01-14,R20_Real Estate vs Rates,0.051750153
2020-01-22,R01_Risk Sentiment,0.07310885
2020-01-22,R02_Real Rates Hedge,0.061533675
2020-01-22,R03_Safe Haven Pivot,0.041221797
2020-01-22,R04_Currency War,0.03539598
2020-01-22,R05_Credit Stress,0.012609266
2020-01-22,R06_Yield Curve,0.047724634
2020-01-22,R07_Rate Bets,0.049379278
2020-01-22,R08_Tech Alpha,0.020637423
2020-01-22,R09_Small Cap Health,0.025673866
2020-01-22,R10_Mid Cap Cycle,0.021913841
2020-01-22,R11_Value Rotation,0.026657745
2020-01-22,R12_Consumer Cycle,0.03853751
2020-01-22,R13_New/Old Economy,0.11830276
2020-01-22,R14_Defensive Rotation,0.0340811
2020-01-22,R15_Industrial Momentum,0.029322624
2020-01-22,R16_Commodity Infl Pulse,0.050202623
2020-01-22,R17_Global Risk,0.0614807
2020-01-22,R18_Industrial Cycle,0.04684949
2020-01-22,R19_Semiconductor Cycle,0.053239822
2020-01-22,R20_Real Estate vs Rates,0.04420334
2020-01-29,R01_Risk Sentiment,0.10005987
2020-01-29,R02_Real Rates Hedge,0.05677557
2020-01-29,R03_Safe Haven Pivot,0.07218921
2020-01-29,R04_Currency War,0.046356082
2020-01-29,R05_Credit Stress,0.016837858
2020-01-29,R06_Yield Curve,0.04524803
2020-01-29,R07_Rate Bets,0.07055572
2020-01-29,R08_Tech Alpha,0.02627343
2020-01-29,R09_Small Cap Health,0.029982328
2020-01-29,R10_Mid Cap Cycle,0.023374334
2020-01-29,R11_Value Rotation,0.0286545
2020-01-29,R12_Consumer Cycle,0.053109676
2020-01-29,R13_New/Old Economy,0.112658024
2020-01-29,R14_Defensive Rotation,0.025559545
2020-01-29,R15_Industrial Momentum,0.029349089
2020-01-29,R16_Commodity Infl Pulse,0.060645506
2020-01-29,R17_Global Risk,0.053207427
2020-01-29,R18_Industrial Cycle,0.04687667
2020-01-29,R19_Semiconductor Cycle,0.063809395
2020-01-29,R20_Real Estate vs Rates,0.051357538
2020-02-05,R01_Risk Sentiment,0.086747766
2020-02-05,R02_Real Rates Hedge,0.0479372
2020-02-05,R03_Safe Haven Pivot,0.061903298
2020-02-05,R04_Currency War,0.057851434
2020-02-05,R05_Credit Stress,0.018522568
2020-02-05,R06_Yield Curve,0.047957957
2020-02-05,R07_Rate Bets,0.06577723
2020-02-05,R08_Tech Alpha,0.029106677
2020-02-05,R09_Small Cap Health,0.025786221
2020-02-05,R10_Mid Cap Cycle,0.021509245
2020-02-05,R11_Value Rotation,0.036792338
2020-02-05,R12_Consumer Cycle,0.042479664
2020-02-05,R13_New/Old Economy,0.10648209
2020-02-05,R14_Defensive Rotation,0.03408456
2020-02-05,R15_Industrial Momentum,0.029864311
2020-02-05,R16_Commodity Infl Pulse,0.0688162
2020-02-05,R17_Global Risk,0.047726035
2020-02-05,R18_Industrial Cycle,0.0625391
2020-02-05,R19_Semiconductor Cycle,0.063750505
2020-02-05,R20_Real Estate vs Rates,0.05371809
2020-02-12,R01_Risk Sentiment,0.080096364
2020-02-12,R02_Real Rates Hedge,0.04905978
2020-02-12,R03_Safe Haven Pivot,0.051883996
2020-02-12,R04_Currency War,0.035223246
2020-02-12,R05_Credit Stress,0.016614519
2020-02-12,R06_Yield Curve,0.053352118
2020-02-12,R07_Rate Bets,0.05371776
2020-02-12,R08_Tech Alpha,0.02901718
2020-02-12,R09_Small Cap Health,0.03417164
2020-02-12,R10_Mid Cap Cycle,0.028051175
2020-02-12,R11_Value Rotation,0.042305663
2020-02-12,R12_Consumer Cycle,0.04676
2020-02-12,R13_New/Old Economy,0.09494853
2020-02-12,R14_Defensive Rotation,0.025567293
2020-02-12,R15_Industrial Momentum,0.029398203
2020-02-12,R16_Commodity Infl Pulse,0.06837313
2020-02-12,R17_Global Risk,0.05401802
2020-02-12,R18_Industrial Cycle,0.06257582
2020-02-12,R19_Semiconductor Cycle,0.054130077
2020-02-12,R20_Real Estate vs Rates,0.05107732
2020-02-20,R01_Risk Sentiment,0.06680822
2020-02-20,R02_Real Rates Hedge,0.050533473
2020-02-20,R03_Safe Haven Pivot,0.07803428
2020-02-20,R04_Currency War,0.046100855
2020-02-20,R05_Credit Stress,0.017146736
2020-02-20,R06_Yield Curve,0.05426863
2020-02-20,R07_Rate Bets,0.070605315
2020-02-20,R08_Tech Alpha,0.028923988
2020-02-20,R09_Small Cap Health,0.029962897
2020-02-20,R10_Mid Cap Cycle,0.022910804
2020-02-20,R11_Value Rotation,0.03202249
2020-02-20,R12_Consumer Cycle,0.050034918
2020-02-20,R13_New/Old Economy,0.11269736
2020-02-20,R14_Defensive Rotation,0.025997758
2020-02-20,R15_Industrial Momentum,0.039231658
2020-02-20,R16_Commodity Infl Pulse,0.052651137
2020-02-20,R17_Global Risk,0.05342239
2020-02-20,R18_Industrial Cycle,0.04695773
2020-02-20,R19_Semiconductor Cycle,0.09540665
2020-02-20,R20_Real Estate vs Rates,0.055748746
2020-02-27,R01_Risk Sentiment,0.13987315
2020-02-27,R02_Real Rates Hedge,0.051838934
2020-02-27,R03_Safe Haven Pivot,0.10908717
2020-02-27,R04_Currency War,0.03451073
2020-02-27,R05_Credit Stress,0.021610022
2020-02-27,R06_Yield Curve,0.05391389
2020-02-27,R07_Rate Bets,0.054443404
2020-02-27,R08_Tech Alpha,0.025952071
2020-02-27,R09_Small Cap Health,0.03002578
2020-02-27,R10_Mid Cap Cycle,0.031015262
2020-02-27,R11_Value Rotation,0.035989687
2020-02-27,R12_Consumer Cycle,0.05067254
2020-02-27,R13_New/Old Economy,0.10304958
2020-02-27,R14_Defensive Rotation,0.025573611
2020-02-27,R15_Industrial Momentum,0.030431509
2020-02-27,R16_Commodity Infl Pulse,0.07322766
2020-02-27,R17_Global Risk,0.04816833
2020-02-27,R18_Industrial Cycle,0.06264329
2020-02-27,R19_Semiconductor Cycle,0.06353712
2020-02-27,R20_Real Estate vs Rates,0.13975914
2020-03-05,R01_Risk Sentiment,0.17278796
2020-03-05,R02_Real Rates Hedge,0.0747741
2020-03-05,R03_Safe Haven Pivot,0.09354466
2020-03-05,R04_Currency War,0.057415843
2020-03-05,R05_Credit Stress,0.017396316
2020-03-05,R06_Yield Curve,0.060242176
2020-03-05,R07_Rate Bets,0.07749982
2020-03-05,R08_Tech Alpha,0.025874764
2020-03-05,R09_Small Cap Health,0.038695216
2020-03-05,R10_Mid Cap Cycle,0.03252916
2020-03-05,R11_Value Rotation,0.031805813
2020-03-05,R12_Consumer Cycle,0.059529886
2020-03-05,R13_New/Old Economy,0.10163987
2020-03-05,R14_Defensive Rotation,0.025997043
2020-03-05,R15_Industrial Momentum,0.03930497
2020-03-05,R16_Commodity Infl Pulse,0.07135981
2020-03-05,R17_Global Risk,0.042469084
2020-03-05,R18_Industrial Cycle,0.09403515
2020-03-05,R19_Semiconductor Cycle,0.0528934
2020-03-05,R20_Real Estate vs Rates,0.14429833
2020-03-12,R01_Risk Sentiment,0.21224785
2020-03-12,R02_Real Rates Hedge,0.07861421
2020-03-12,R03_Safe Haven Pivot,0.232411
2020-03-12,R04_Currency War,0.06879902
2020-03-12,R05_Credit Stress,0.042941384
2020-03-12,R06_Yield Curve,0.11269635
2020-03-12,R07_Rate Bets,0.09380676
2020-03-12,R08_Tech Alpha,0.034539282
2020-03-12,R09_Small Cap Health,0.112549365
2020-03-12,R10_Mid Cap Cycle,0.048362814
2020-03-12,R11_Value Rotation,0.035429426
2020-03-12,R12_Consumer Cycle,0.065208375
2020-03-12,R13_New/Old Economy,0.15982568
2020-03-12,R14_Defensive Rotation,0.07667434
2020-03-12,R15_Industrial Momentum,0.039351583
2020-03-12,R16_Commodity Infl Pulse,0.12008414
2020-03-12,R17_Global Risk,0.051157862
2020-03-12,R18_Industrial Cycle,0.07843161
2020-03-12,R19_Semiconductor Cycle,0.06394172
2020-03-12,R20_Real Estate vs Rates,0.16780332
2020-03-19,R01_Risk Sentiment,0.22427157
2020-03-19,R02_Real Rates Hedge,0.09282452
2020-03-19,R03_Safe Haven Pivot,0.16571018
2020-03-19,R04_Currency War,0.1379224
2020-03-19,R05_Credit Stress,0.082677424
2020-03-19,R06_Yield Curve,0.09689221
2020-03-19,R07_Rate Bets,0.113441914
2020-03-19,R08_Tech Alpha,0.063422546
2020-03-19,R09_Small Cap Health,0.1520418
2020-03-19,R10_Mid Cap Cycle,0.10667075
2020-03-19,R11_Value Rotation,0.06633789
2020-03-19,R12_Consumer Cycle,0.11807522
2020-03-19,R13_New/Old Economy,0.2615595
2020-03-19,R14_Defensive Rotation,0.10214555
2020-03-19,R15_Industrial Momentum,0.06896007
2020-03-19,R16_Commodity Infl Pulse,0.1334765
2020-03-19,R17_Global Risk,0.08784744
2020-03-19,R18_Industrial Cycle,0.2521615
2020-03-19,R19_Semiconductor Cycle,0.074466705
2020-03-19,R20_Real Estate vs Rates,0.25480157
2020-03-26,R01_Risk Sentiment,0.21036687
2020-03-26,R02_Real Rates Hedge,0.10873176
2020-03-26,R03_Safe Haven Pivot,0.21586758
2020-03-26,R04_Currency War,0.12619579
2020-03-26,R05_Credit Stress,0.05011806
2020-03-26,R06_Yield Curve,0.119339585
2020-03-26,R07_Rate Bets,0.08144651
2020-03-26,R08_Tech Alpha,0.093893185
2020-03-26,R09_Small Cap Health,0.07048714
2020-03-26,R10_Mid Cap Cycle,0.057017572
2020-03-26,R11_Value Rotation,0.07562564
2020-03-26,R12_Consumer Cycle,0.08469115
2020-03-26,R13_New/Old Economy,0.25363088
2020-03-26,R14_Defensive Rotation,0.08548987
2020-03-26,R15_Industrial Momentum,0.10853338
2020-03-26,R16_Commodity Infl Pulse,0.11633691
2020-03-26,R17_Global Risk,0.07086459
2020-03-26,R18_Industrial Cycle,0.22112012
2020-03-26,R19_Semiconductor Cycle,0.1271776
2020-03-26,R20_Real Estate vs Rates,0.253461
2020-04-02,R01_Risk Sentiment,0.18954816
2020-04-02,R02_Real Rates Hedge,0.090843014
2020-04-02,R03_Safe Haven Pivot,0.14441663
2020-04-02,R04_Currency War,0.10259867
2020-04-02,R05_Credit Stress,0.04165085
2020-04-02,R06_Yield Curve,0.10768592
2020-04-02,R07_Rate Bets,0.09116289
2020-04-02,R08_Tech Alpha,0.06250736
2020-04-02,R09_Small Cap Health,0.12303674
2020-04-02,R10_Mid Cap Cycle,0.057710126
2020-04-02,R11_Value Rotation,0.044479463
2020-04-02,R12_Consumer Cycle,0.12715356
2020-04-02,R13_New/Old Economy,0.19008851
2020-04-02,R14_Defensive Rotation,0.05992639
2020-04-02,R15_Industrial Momentum,0.0894146
2020-04-02,R16_Commodity Infl Pulse,0.1184136
2020-04-02,R17_Global Risk,0.0628126
2020-04-02,R18_Industrial Cycle,0.1576271
2020-04-02,R19_Semiconductor Cycle,0.12707555
2020-04-02,R20_Real Estate vs Rates,0.29058343
2020-04-09,R01_Risk Sentiment,0.15079024
2020-04-09,R02_Real Rates Hedge,0.07584497
2020-04-09,R03_Safe Haven Pivot,0.12827066
2020-04-09,R04_Currency War,0.10238719
2020-04-09,R05_Credit Stress,0.043947745
2020-04-09,R06_Yield Curve,0.110075176
2020-04-09,R07_Rate Bets,0.076448515
2020-04-09,R08_Tech Alpha,0.059573993
2020-04-09,R09_Small Cap Health,0.10588747
2020-04-09,R10_Mid Cap Cycle,0.052394666
2020-04-09,R11_Value Rotation,0.04021498
2020-04-09,R12_Consumer Cycle,0.1193859
2020-04-09,R13_New/Old Economy,0.22916818
2020-04-09,R14_Defensive Rotation,0.06793642
2020-04-09,R15_Industrial Momentum,0.06976116
2020-04-09,R16_Commodity Infl Pulse,0.09695259
2020-04-09,R17_Global Risk,0.05995074
2020-04-09,R18_Industrial Cycle,0.11128712
2020-04-09,R19_Semiconductor Cycle,0.09482932
2020-04-09,R20_Real Estate vs Rates,0.26826465
2020-04-17,R01_Risk Sentiment,0.13772309
2020-04-17,R02_Real Rates Hedge,0.10597692
2020-04-17,R03_Safe Haven Pivot,0.12725791
2020-04-17,R04_Currency War,0.06983364
2020-04-17,R05_Credit Stress,0.036532447
2020-04-17,R06_Yield Curve,0.093580425
2020-04-17,R07_Rate Bets,0.09757237
2020-04-17,R08_Tech Alpha,0.07306519
2020-04-17,R09_Small Cap Health,0.11038476
2020-04-17,R10_Mid Cap Cycle,0.07148772
2020-04-17,R11_Value Rotation,0.07747623
2020-04-17,R12_Consumer Cycle,0.07484741
2020-04-17,R13_New/Old Economy,0.22011256
2020-04-17,R14_Defensive Rotation,0.101812065
2020-04-17,R15_Industrial Momentum,0.079795
2020-04-17,R16_Commodity Infl Pulse,0.1354177
2020-04-17,R17_Global Risk,0.07134187
2020-04-17,R18_Industrial Cycle,0.11065316
2020-04-17,R19_Semiconductor Cycle,0.106304765
2020-04-17,R20_Real Estate vs Rates,0.20441836
2020-04-24,R01_Risk Sentiment,0.14956427
2020-04-24,R02_Real Rates Hedge,0.08983029
2020-04-24,R03_Safe Haven Pivot,0.13235435
2020-04-24,R04_Currency War,0.06799495
2020-04-24,R05_Credit Stress,0.033971302
2020-04-24,R06_Yield Curve,0.11160219
2020-04-24,R07_Rate Bets,0.066006824
2020-04-24,R08_Tech Alpha,0.0729796
2020-04-24,R09_Small Cap Health,0.10672909
2020-04-24,R10_Mid Cap Cycle,0.07085675
2020-04-24,R11_Value Rotation,0.061567716
2020-04-24,R12_Consumer Cycle,0.070115075
2020-04-24,R13_New/Old Economy,0.19192255
2020-04-24,R14_Defensive Rotation,0.059321642
2020-04-24,R15_Industrial Momentum,0.07000339
2020-04-24,R16_Commodity Infl Pulse,0.09735882
2020-04-24,R17_Global Risk,0.05158198
2020-04-24,R18_Industrial Cycle,0.11081886
2020-04-24,R19_Semiconductor Cycle,0.08462584
2020-04-24,R20_Real Estate vs Rates,0.1734604
2020-05-01,R01_Risk Sentiment,0.09694135
2020-05-01,R02_Real Rates Hedge,0.07017557
2020-05-01,R03_Safe Haven Pivot,0.107019335
2020-05-01,R04_Currency War,0.06785929
2020-05-01,R05_Credit Stress,0.025894187
2020-05-01,R06_Yield Curve,0.09546131
2020-05-01,R07_Rate Bets,0.07785027
2020-05-01,R08_Tech Alpha,0.06985772
2020-05-01,R09_Small Cap Health,0.1254769
2020-05-01,R10_Mid Cap Cycle,0.08004615
2020-05-01,R11_Value Rotation,0.05919191
2020-05-01,R12_Consumer Cycle,0.06719056
2020-05-01,R13_New/Old Economy,0.18123478
2020-05-01,R14_Defensive Rotation,0.05926025
2020-05-01,R15_Industrial Momentum,0.06962228
2020-05-01,R16_Commodity Infl Pulse,0.09404844
2020-05-01,R17_Global Risk,0.05751607
2020-05-01,R18_Industrial Cycle,0.11099076
2020-05-01,R19_Semiconductor Cycle,0.08557534
2020-05-01,R20_Real Estate vs Rates,0.14457741
2020-05-08,R01_Risk Sentiment,0.10916048
2020-05-08,R02_Real Rates Hedge,0.07070767
2020-05-08,R03_Safe Haven Pivot,0.10657081
2020-05-08,R04_Currency War,0.079586506
2020-05-08,R05_Credit Stress,0.036836866
2020-05-08,R06_Yield Curve,0.10490167
2020-05-08,R07_Rate Bets,0.0704286
2020-05-08,R08_Tech Alpha,0.06671846
2020-05-08,R09_Small Cap Health,0.10344565
2020-05-08,R10_Mid Cap Cycle,0.061523266
2020-05-08,R11_Value Rotation,0.05851833
2020-05-08,R12_Consumer Cycle,0.06269848
2020-05-08,R13_New/Old Economy,0.17819619
2020-05-08,R14_Defensive Rotation,0.050745964
2020-05-08,R15_Industrial Momentum,0.07025099
2020-05-08,R16_Commodity Infl Pulse,0.07989329
2020-05-08,R17_Global Risk,0.054564953
2020-05-08,R18_Industrial Cycle,0.0809989
2020-05-08,R19_Semiconductor Cycle,0.08387864
2020-05-08,R20_Real Estate vs Rates,0.18493298
2020-05-15,R01_Risk Sentiment,0.115570486
2020-05-15,R02_Real Rates Hedge,0.06100923
2020-05-15,R03_Safe Haven Pivot,0.1419903
2020-05-15,R04_Currency War,0.06818092
2020-05-15,R05_Credit Stress,0.035722252
2020-05-15,R06_Yield Curve,0.093687534
2020-05-15,R07_Rate Bets,0.0707033
2020-05-15,R08_Tech Alpha,0.055058375
2020-05-15,R09_Small Cap Health,0.0991959
2020-05-15,R10_Mid Cap Cycle,0.068157345
2020-05-15,R11_Value Rotation,0.063237265
2020-05-15,R12_Consumer Cycle,0.06425539
2020-05-15,R13_New/Old Economy,0.17868185
2020-05-15,R14_Defensive Rotation,0.05112195
2020-05-15,R15_Industrial Momentum,0.0698781
2020-05-15,R16_Commodity Infl Pulse,0.09414813
2020-05-15,R17_Global Risk,0.054603845
2020-05-15,R18_Industrial Cycle,0.07952428
2020-05-15,R19_Semiconductor Cycle,0.06333232
2020-05-15,R20_Real Estate vs Rates,0.17085904
2020-05-22,R01_Risk Sentiment,0.103447974
2020-05-22,R02_Real Rates Hedge,0.075384766
2020-05-22,R03_Safe Haven Pivot,0.14145938
2020-05-22,R04_Currency War,0.056263804
2020-05-22,R05_Credit Stress,0.025752928
2020-05-22,R06_Yield Curve,0.085823536
2020-05-22,R07_Rate Bets,0.062039986
2020-05-22,R08_Tech Alpha,0.049292535
2020-05-22,R09_Small Cap Health,0.09038186
2020-05-22,R10_Mid Cap Cycle,0.078910075
2020-05-22,R11_Value Rotation,0.060746137
2020-05-22,R12_Consumer Cycle,0.06481668
2020-05-22,R13_New/Old Economy,0.18836147
2020-05-22,R14_Defensive Rotation,0.059509993
2020-05-22,R15_Industrial Momentum,0.059999466
2020-05-22,R16_Commodity Infl Pulse,0.06886667
2020-05-22,R17_Global Risk,0.049174547
2020-05-22,R18_Industrial Cycle,0.11145687
2020-05-22,R19_Semiconductor Cycle,0.07369721
2020-05-22,R20_Real Estate vs Rates,0.1668796
2020-06-01,R01_Risk Sentiment,0.121329725
2020-06-01,R02_Real Rates Hedge,0.046994373
2020-06-01,R03_Safe Haven Pivot,0.10143393
2020-06-01,R04_Currency War,0.067985654
2020-06-01,R05_Credit Stress,0.023232171
2020-06-01,R06_Yield Curve,0.07724172
2020-06-01,R07_Rate Bets,0.06555219
2020-06-01,R08_Tech Alpha,0.046735838
2020-06-01,R09_Small Cap Health,0.08643246
2020-06-01,R10_Mid Cap Cycle,0.055404663
2020-06-01,R11_Value Rotation,0.07076492
2020-06-01,R12_Consumer Cycle,0.062168702
2020-06-01,R13_New/Old Economy,0.16991103
2020-06-01,R14_Defensive Rotation,0.05988264
2020-06-01,R15_Industrial Momentum,0.08011639
2020-06-01,R16_Commodity Infl Pulse,0.096307784
2020-06-01,R17_Global Risk,0.07206938
2020-06-01,R18_Industrial Cycle,0.095632076
2020-06-01,R19_Semiconductor Cycle,0.073604226
2020-06-01,R20_Real Estate vs Rates,0.1321027
2020-06-08,R01_Risk Sentiment,0.095972955
2020-06-08,R02_Real Rates Hedge,0.07071088
2020-06-08,R03_Safe Haven Pivot,0.1264208
2020-06-08,R04_Currency War,0.067355156
2020-06-08,R05_Credit Stress,0.026930703
2020-06-08,R06_Yield Curve,0.081041574
2020-06-08,R07_Rate Bets,0.06825124
2020-06-08,R08_Tech Alpha,0.05437568
2020-06-08,R09_Small Cap Health,0.10478598
2020-06-08,R10_Mid Cap Cycle,0.06596397
2020-06-08,R11_Value Rotation,0.04560877
2020-06-08,R12_Consumer Cycle,0.06281714
2020-06-08,R13_New/Old Economy,0.15849376
2020-06-08,R14_Defensive Rotation,0.067430615
2020-06-08,R15_Industrial Momentum,0.08022678
2020-06-08,R16_Commodity Infl Pulse,0.09187567
2020-06-08,R17_Global Risk,0.052007526
2020-06-08,R18_Industrial Cycle,0.0965178
2020-06-08,R19_Semiconductor Cycle,0.09383237
2020-06-08,R20_Real Estate vs Rates,0.18074909
2020-06-15,R01_Risk Sentiment,0.114845335
2020-06-15,R02_Real Rates Hedge,0.068888485
2020-06-15,R03_Safe Haven Pivot,0.13052702
2020-06-15,R04_Currency War,0.07851648
2020-06-15,R05_Credit Stress,0.030546643
2020-06-15,R06_Yield Curve,0.07523453
2020-06-15,R07_Rate Bets,0.076700225
2020-06-15,R08_Tech Alpha,0.046018302
2020-06-15,R09_Small Cap Health,0.06909019
2020-06-15,R10_Mid Cap Cycle,0.069398865
2020-06-15,R11_Value Rotation,0.07623289
2020-06-15,R12_Consumer Cycle,0.059968248
2020-06-15,R13_New/Old Economy,0.1948232
2020-06-15,R14_Defensive Rotation,0.04254639
2020-06-15,R15_Industrial Momentum,0.07079327
2020-06-15,R16_Commodity Infl Pulse,0.08777529
2020-06-15,R17_Global Risk,0.05808875
2020-06-15,R18_Industrial Cycle,0.095810175
2020-06-15,R19_Semiconductor Cycle,0.08381677
2020-06-15,R20_Real Estate vs Rates,0.21428338
2020-06-22,R01_Risk Sentiment,0.12061715
2020-06-22,R02_Real Rates Hedge,0.06475338
2020-06-22,R03_Safe Haven Pivot,0.13079906
2020-06-22,R04_Currency War,0.0683558
2020-06-22,R05_Credit Stress,0.024256801
2020-06-22,R06_Yield Curve,0.06392938
2020-06-22,R07_Rate Bets,0.06801487
2020-06-22,R08_Tech Alpha,0.0537104
2020-06-22,R09_Small Cap Health,0.092143714
2020-06-22,R10_Mid Cap Cycle,0.05478324
2020-06-22,R11_Value Rotation,0.063550904
2020-06-22,R12_Consumer Cycle,0.06525491
2020-06-22,R13_New/Old Economy,0.17879581
2020-06-22,R14_Defensive Rotation,0.08463287
2020-06-22,R15_Industrial Momentum,0.08094561
2020-06-22,R16_Commodity Infl Pulse,0.096514195
2020-06-22,R17_Global Risk,0.04332626
2020-06-22,R18_Industrial Cycle,0.111896515
2020-06-22,R19_Semiconductor Cycle,0.062389493
2020-06-22,R20_Real Estate vs Rates,0.17737427
2020-06-29,R01_Risk Sentiment,0.11432159
2020-06-29,R02_Real Rates Hedge,0.049151048
2020-06-29,R03_Safe Haven Pivot,0.15025467
2020-06-29,R04_Currency War,0.067730546
2020-06-29,R05_Credit Stress,0.022471722
2020-06-29,R06_Yield Curve,0.07317579
2020-06-29,R07_Rate Bets,0.05536279
2020-06-29,R08_Tech Alpha,0.040189743
2020-06-29,R09_Small Cap Health,0.060010433
2020-06-29,R10_Mid Cap Cycle,0.05686799
2020-06-29,R11_Value Rotation,0.059414435
2020-06-29,R12_Consumer Cycle,0.0596617
2020-06-29,R13_New/Old Economy,0.13448846
2020-06-29,R14_Defensive Rotation,0.042087436
2020-06-29,R15_Industrial Momentum,0.07049394
2020-06-29,R16_Commodity Infl Pulse,0.09656063
2020-06-29,R17_Global Risk,0.046075374
2020-06-29,R18_Industrial Cycle,0.096024275
2020-06-29,R19_Semiconductor Cycle,0.083063126
2020-06-29,R20_Real Estate vs Rates,0.18279704
2020-07-07,R01_Risk Sentiment,0.094530344
2020-07-07,R02_Real Rates Hedge,0.055314153
2020-07-07,R03_Safe Haven Pivot,0.115475595
2020-07-07,R04_Currency War,0.055930138
2020-07-07,R05_Credit Stress,0.022992063
2020-07-07,R06_Yield Curve,0.08283943
2020-07-07,R07_Rate Bets,0.066610225
2020-07-07,R08_Tech Alpha,0.050719395
2020-07-07,R09_Small Cap Health,0.070025146
2020-07-07,R10_Mid Cap Cycle,0.061741546
2020-07-07,R11_Value Rotation,0.072280616
2020-07-07,R12_Consumer Cycle,0.06881425
2020-07-07,R13_New/Old Economy,0.14151418
2020-07-07,R14_Defensive Rotation,0.042068362
2020-07-07,R15_Industrial Momentum,0.080669165
2020-07-07,R16_Commodity Infl Pulse,0.10578644
2020-07-07,R17_Global Risk,0.078154445
2020-07-07,R18_Industrial Cycle,0.09612632
2020-07-07,R19_Semiconductor Cycle,0.072568536
2020-07-07,R20_Real Estate vs Rates,0.13476574
2020-07-14,R01_Risk Sentiment,0.10723901
2020-07-14,R02_Real Rates Hedge,0.04346548
2020-07-14,R03_Safe Haven Pivot,0.11943653
2020-07-14,R04_Currency War,0.04471004
2020-07-14,R05_Credit Stress,0.0205152
2020-07-14,R06_Yield Curve,0.07414222
2020-07-14,R07_Rate Bets,0.063561134
2020-07-14,R08_Tech Alpha,0.071625024
2020-07-14,R09_Small Cap Health,0.07013887
2020-07-14,R10_Mid Cap Cycle,0.052648168
2020-07-14,R11_Value Rotation,0.08334549
2020-07-14,R12_Consumer Cycle,0.06132199
2020-07-14,R13_New/Old Economy,0.21731448
2020-07-14,R14_Defensive Rotation,0.050465107
2020-07-14,R15_Industrial Momentum,0.09088051
2020-07-14,R16_Commodity Infl Pulse,0.13161129
2020-07-14,R17_Global Risk,0.07485941
2020-07-14,R18_Industrial Cycle,0.09622121
2020-07-14,R19_Semiconductor Cycle,0.08329654
2020-07-14,R20_Real Estate vs Rates,0.11169973
2020-07-21,R01_Risk Sentiment,0.09417951
2020-07-21,R02_Real Rates Hedge,0.048788995
2020-07-21,R03_Safe Haven Pivot,0.07472831
2020-07-21,R04_Currency War,0.04467833
2020-07-21,R05_Credit Stress,0.016613033
2020-07-21,R06_Yield Curve,0.07478362
2020-07-21,R07_Rate Bets,0.06122092
2020-07-21,R08_Tech Alpha,0.06554883
2020-07-21,R09_Small Cap Health,0.07046956
2020-07-21,R10_Mid Cap Cycle,0.05990818
2020-07-21,R11_Value Rotation,0.077666685
2020-07-21,R12_Consumer Cycle,0.065105855
2020-07-21,R13_New/Old Economy,0.17944694
2020-07-21,R14_Defensive Rotation,0.058849573
2020-07-21,R15_Industrial Momentum,0.060659885
2020-07-21,R16_Commodity Infl Pulse,0.13607621
2020-07-21,R17_Global Risk,0.057697743
2020-07-21,R18_Industrial Cycle,0.11314893
2020-07-21,R19_Semiconductor Cycle,0.082623005
2020-07-21,R20_Real Estate vs Rates,0.10953295
2020-07-28,R01_Risk Sentiment,0.100568235
2020-07-28,R02_Real Rates Hedge,0.05803491
2020-07-28,R03_Safe Haven Pivot,0.13958848
2020-07-28,R04_Currency War,0.05637777
2020-07-28,R05_Credit Stress,0.018371295
2020-07-28,R06_Yield Curve,0.06263298
2020-07-28,R07_Rate Bets,0.056541935
2020-07-28,R08_Tech Alpha,0.04953465
2020-07-28,R09_Small Cap Health,0.04726851
2020-07-28,R10_Mid Cap Cycle,0.04883503
2020-07-28,R11_Value Rotation,0.070292495
2020-07-28,R12_Consumer Cycle,0.059789136
2020-07-28,R13_New/Old Economy,0.19169581
2020-07-28,R14_Defensive Rotation,0.03403449
2020-07-28,R15_Industrial Momentum,0.060729623
2020-07-28,R16_Commodity Infl Pulse,0.11802918
2020-07-28,R17_Global Risk,0.060214818
2020-07-28,R18_Industrial Cycle,0.33712804
2020-07-28,R19_Semiconductor Cycle,0.061850548
2020-07-28,R20_Real Estate vs Rates,0.078543425
2020-08-04,R01_Risk Sentiment,0.075024545
2020-08-04,R02_Real Rates Hedge,0.061059102
2020-08-04,R03_Safe Haven Pivot,0.12350705
2020-08-04,R04_Currency War,0.07868159
2020-08-04,R05_Credit Stress,0.017660767
2020-08-04,R06_Yield Curve,0.060082257
2020-08-04,R07_Rate Bets,0.05377134
2020-08-04,R08_Tech Alpha,0.054694153
2020-08-04,R09_Small Cap Health,0.047474742
2020-08-04,R10_Mid Cap Cycle,0.039632108
2020-08-04,R11_Value Rotation,0.06502312
2020-08-04,R12_Consumer Cycle,0.058584005
2020-08-04,R13_New/Old Economy,0.20303154
2020-08-04,R14_Defensive Rotation,0.034019947
2020-08-04,R15_Industrial Momentum,0.07144511
2020-08-04,R16_Commodity Infl Pulse,0.09299177
2020-08-04,R17_Global Risk,0.066140115
2020-08-04,R18_Industrial Cycle,0.12925029
2020-08-04,R19_Semiconductor Cycle,0.09259057
2020-08-04,R20_Real Estate vs Rates,0.08963141
2020-08-11,R01_Risk Sentiment,0.06924242
2020-08-11,R02_Real Rates Hedge,0.08522986
2020-08-11,R03_Safe Haven Pivot,0.10849908
2020-08-11,R04_Currency War,0.06694412
2020-08-11,R05_Credit Stress,0.018368099
2020-08-11,R06_Yield Curve,0.053870082
2020-08-11,R07_Rate Bets,0.05602371
2020-08-11,R08_Tech Alpha,0.0543596
2020-08-11,R09_Small Cap Health,0.066631615
2020-08-11,R10_Mid Cap Cycle,0.037540507
2020-08-11,R11_Value Rotation,0.06616207
2020-08-11,R12_Consumer Cycle,0.04117404
2020-08-11,R13_New/Old Economy,0.18510056
2020-08-11,R14_Defensive Rotation,0.050390244
2020-08-11,R15_Industrial Momentum,0.07102549
2020-08-11,R16_Commodity Infl Pulse,0.08886695
2020-08-11,R17_Global Risk,0.06646672
2020-08-11,R18_Industrial Cycle,0.2247076
2020-08-11,R19_Semiconductor Cycle,0.072891116
2020-08-11,R20_Real Estate vs Rates,0.0635865
2020-08-18,R01_Risk Sentiment,0.07472545
2020-08-18,R02_Real Rates Hedge,0.09084332
2020-08-18,R03_Safe Haven Pivot,0.13233328
2020-08-18,R04_Currency War,0.066927195
2020-08-18,R05_Credit Stress,0.027144067
2020-08-18,R06_Yield Curve,0.06411487
2020-08-18,R07_Rate Bets,0.04615935
2020-08-18,R08_Tech Alpha,0.048645392
2020-08-18,R09_Small Cap Health,0.043314874
2020-08-18,R10_Mid Cap Cycle,0.033401202
2020-08-18,R11_Value Rotation,0.065334916
2020-08-18,R12_Consumer Cycle,0.054276064
2020-08-18,R13_New/Old Economy,0.1659764
2020-08-18,R14_Defensive Rotation,0.058786035
2020-08-18,R15_Industrial Momentum,0.07211864
2020-08-18,R16_Commodity Infl Pulse,0.07661772
2020-08-18,R17_Global Risk,0.051545262
2020-08-18,R18_Industrial Cycle,0.24229491
2020-08-18,R19_Semiconductor Cycle,0.07223308
2020-08-18,R20_Real Estate vs Rates,0.058542848
2020-08-25,R01_Risk Sentiment,0.074593246
2020-08-25,R02_Real Rates Hedge,0.10482551
2020-08-25,R03_Safe Haven Pivot,0.12209144
2020-08-25,R04_Currency War,0.055767298
2020-08-25,R05_Credit Stress,0.017897353
2020-08-25,R06_Yield Curve,0.057953477
2020-08-25,R07_Rate Bets,0.055434145
2020-08-25,R08_Tech Alpha,0.048579425
2020-08-25,R09_Small Cap Health,0.04778534
2020-08-25,R10_Mid Cap Cycle,0.045153618
2020-08-25,R11_Value Rotation,0.055262223
2020-08-25,R12_Consumer Cycle,0.04451929
2020-08-25,R13_New/Old Economy,0.15502429
2020-08-25,R14_Defensive Rotation,0.05038905
2020-08-25,R15_Industrial Momentum,0.061013818
2020-08-25,R16_Commodity Infl Pulse,0.086888015
2020-08-25,R17_Global Risk,0.051484913
2020-08-25,R18_Industrial Cycle,0.17643905
2020-08-25,R19_Semiconductor Cycle,0.07209337
2020-08-25,R20_Real Estate vs Rates,0.06650975
2020-09-01,R01_Risk Sentiment,0.062090695
2020-09-01,R02_Real Rates Hedge,0.086777985
2020-09-01,R03_Safe Haven Pivot,0.08280039
2020-09-01,R04_Currency War,0.044617772
2020-09-01,R05_Credit Stress,0.019097656
2020-09-01,R06_Yield Curve,0.05846125
2020-09-01,R07_Rate Bets,0.048535153
2020-09-01,R08_Tech Alpha,0.04305722
2020-09-01,R09_Small Cap Health,0.06742829
2020-09-01,R10_Mid Cap Cycle,0.05321134
2020-09-01,R11_Value Rotation,0.07832122
2020-09-01,R12_Consumer Cycle,0.053892806
2020-09-01,R13_New/Old Economy,0.15756238
2020-09-01,R14_Defensive Rotation,0.051241636
2020-09-01,R15_Industrial Momentum,0.08144736
2020-09-01,R16_Commodity Infl Pulse,0.11054146
2020-09-01,R17_Global Risk,0.040001243
2020-09-01,R18_Industrial Cycle,0.1282537
2020-09-01,R19_Semiconductor Cycle,0.07143152
2020-09-01,R20_Real Estate vs Rates,0.053678453
2020-09-09,R01_Risk Sentiment,0.10541421
2020-09-09,R02_Real Rates Hedge,0.09706421
2020-09-09,R03_Safe Haven Pivot,0.097738355
2020-09-09,R04_Currency War,0.044613123
2020-09-09,R05_Credit Stress,0.022025859
2020-09-09,R06_Yield Curve,0.062060297
2020-09-09,R07_Rate Bets,0.044905275
2020-09-09,R08_Tech Alpha,0.06794376
2020-09-09,R09_Small Cap Health,0.043387473
2020-09-09,R10_Mid Cap Cycle,0.039029084
2020-09-09,R11_Value Rotation,0.082397744
2020-09-09,R12_Consumer Cycle,0.059647143
2020-09-09,R13_New/Old Economy,0.15097117
2020-09-09,R14_Defensive Rotation,0.050417542
2020-09-09,R15_Industrial Momentum,0.08154416
2020-09-09,R16_Commodity Infl Pulse,0.12625498
2020-09-09,R17_Global Risk,0.045478016
2020-09-09,R18_Industrial Cycle,0.09613752
2020-09-09,R19_Semiconductor Cycle,0.09215152
2020-09-09,R20_Real Estate vs Rates,0.056437492
2020-09-16,R01_Risk Sentiment,0.08108115
2020-09-16,R02_Real Rates Hedge,0.079671964
2020-09-16,R03_Safe Haven Pivot,0.09684408
2020-09-16,R04_Currency War,0.044602633
2020-09-16,R05_Credit Stress,0.01570692
2020-09-16,R06_Yield Curve,0.0588395
2020-09-16,R07_Rate Bets,0.048091218
2020-09-16,R08_Tech Alpha,0.059918404
2020-09-16,R09_Small Cap Health,0.048416615
2020-09-16,R10_Mid Cap Cycle,0.043229073
2020-09-16,R11_Value Rotation,0.063191056
2020-09-16,R12_Consumer Cycle,0.04851477
2020-09-16,R13_New/Old Economy,0.17304003
2020-09-16,R14_Defensive Rotation,0.050425887
2020-09-16,R15_Industrial Momentum,0.051015258
2020-09-16,R16_Commodity Infl Pulse,0.15399271
2020-09-16,R17_Global Risk,0.048680216
2020-09-16,R18_Industrial Cycle,0.064857006
2020-09-16,R19_Semiconductor Cycle,0.06148398
2020-09-16,R20_Real Estate vs Rates,0.06758511
2020-09-23,R01_Risk Sentiment,0.13002437
2020-09-23,R02_Real Rates Hedge,0.07470067
2020-09-23,R03_Safe Haven Pivot,0.11082029
2020-09-23,R04_Currency War,0.04459405
2020-09-23,R05_Credit Stress,0.017388172
2020-09-23,R06_Yield Curve,0.05920428
2020-09-23,R07_Rate Bets,0.056454867
2020-09-23,R08_Tech Alpha,0.059778176
2020-09-23,R09_Small Cap Health,0.058338463
2020-09-23,R10_Mid Cap Cycle,0.046033144
2020-09-23,R11_Value Rotation,0.071671374
2020-09-23,R12_Consumer Cycle,0.04680422
2020-09-23,R13_New/Old Economy,0.19545639
2020-09-23,R14_Defensive Rotation,0.051273346
2020-09-23,R15_Industrial Momentum,0.061275244
2020-09-23,R16_Commodity Infl Pulse,0.12556738
2020-09-23,R17_Global Risk,0.045327306
2020-09-23,R18_Industrial Cycle,0.11203623
2020-09-23,R19_Semiconductor Cycle,0.061354876
2020-09-23,R20_Real Estate vs Rates,0.08668983
2020-09-30,R01_Risk Sentiment,0.10476047
2020-09-30,R02_Real Rates Hedge,0.083474934
2020-09-30,R03_Safe Haven Pivot,0.09126082
2020-09-30,R04_Currency War,0.05572164
2020-09-30,R05_Credit Stress,0.019090302
2020-09-30,R06_Yield Curve,0.050150335
2020-09-30,R07_Rate Bets,0.05437333
2020-09-30,R08_Tech Alpha,0.058991626
2020-09-30,R09_Small Cap Health,0.04930985
2020-09-30,R10_Mid Cap Cycle,0.034017183
2020-09-30,R11_Value Rotation,0.06645858
2020-09-30,R12_Consumer Cycle,0.05340512
2020-09-30,R13_New/Old Economy,0.16544926
2020-09-30,R14_Defensive Rotation,0.042036057
2020-09-30,R15_Industrial Momentum,0.06133914
2020-09-30,R16_Commodity Infl Pulse,0.14025688
2020-09-30,R17_Global Risk,0.039585978
2020-09-30,R18_Industrial Cycle,0.16001534
2020-09-30,R19_Semiconductor Cycle,0.22155887
2020-09-30,R20_Real Estate vs Rates,0.073702246
2020-10-07,R01_Risk Sentiment,0.08639473
2020-10-07,R02_Real Rates Hedge,0.07680337
2020-10-07,R03_Safe Haven Pivot,0.09042078
2020-10-07,R04_Currency War,0.04456067
2020-10-07,R05_Credit Stress,0.022550028
2020-10-07,R06_Yield Curve,0.06062752
2020-10-07,R07_Rate Bets,0.045648202
2020-10-07,R08_Tech Alpha,0.039041862
2020-10-07,R09_Small Cap Health,0.07350659
2020-10-07,R10_Mid Cap Cycle,0.043521605
2020-10-07,R11_Value Rotation,0.07009342
2020-10-07,R12_Consumer Cycle,0.058391243
2020-10-07,R13_New/Old Economy,0.20234835
2020-10-07,R14_Defensive Rotation,0.033637285
2020-10-07,R15_Industrial Momentum,0.04196298
2020-10-07,R16_Commodity Infl Pulse,0.1433953
2020-10-07,R17_Global Risk,0.062485665
2020-10-07,R18_Industrial Cycle,0.1607809
2020-10-07,R19_Semiconductor Cycle,0.07065058
2020-10-07,R20_Real Estate vs Rates,0.076863974
2020-10-14,R01_Risk Sentiment,0.086250305
2020-10-14,R02_Real Rates Hedge,0.09034376
2020-10-14,R03_Safe Haven Pivot,0.09032321
2020-10-14,R04_Currency War,0.04454899
2020-10-14,R05_Credit Stress,0.019200843
2020-10-14,R06_Yield Curve,0.057309628
2020-10-14,R07_Rate Bets,0.04398717
2020-10-14,R08_Tech Alpha,0.053668365
2020-10-14,R09_Small Cap Health,0.054326117
2020-10-14,R10_Mid Cap Cycle,0.027677834
2020-10-14,R11_Value Rotation,0.06380643
2020-10-14,R12_Consumer Cycle,0.039762244
2020-10-14,R13_New/Old Economy,0.14635551
2020-10-14,R14_Defensive Rotation,0.04206264
2020-10-14,R15_Industrial Momentum,0.061472893
2020-10-14,R16_Commodity Infl Pulse,0.12867385
2020-10-14,R17_Global Risk,0.050791323
2020-10-14,R18_Industrial Cycle,0.14474809
2020-10-14,R19_Semiconductor Cycle,0.08052945
2020-10-14,R20_Real Estate vs Rates,0.063260406
2020-10-21,R01_Risk Sentiment,0.104459405
2020-10-21,R02_Real Rates Hedge,0.075867996
2020-10-21,R03_Safe Haven Pivot,0.09472197
2020-10-21,R04_Currency War,0.045099854
2020-10-21,R05_Credit Stress,0.018967006
2020-10-21,R06_Yield Curve,0.06409806
2020-10-21,R07_Rate Bets,0.04481888
2020-10-21,R08_Tech Alpha,0.038594678
2020-10-21,R09_Small Cap Health,0.03500849
2020-10-21,R10_Mid Cap Cycle,0.030504256
2020-10-21,R11_Value Rotation,0.060078204
2020-10-21,R12_Consumer Cycle,0.04076679
2020-10-21,R13_New/Old Economy,0.18362284
2020-10-21,R14_Defensive Rotation,0.050498247
2020-10-21,R15_Industrial Momentum,0.05128157
2020-10-21,R16_Commodity Infl Pulse,0.13011289
2020-10-21,R17_Global Risk,0.04502392
2020-10-21,R18_Industrial Cycle,0.1279273
2020-10-21,R19_Semiconductor Cycle,0.060729623
2020-10-21,R20_Real Estate vs Rates,0.07969445
2020-10-28,R01_Risk Sentiment,0.08626127
2020-10-28,R02_Real Rates Hedge,0.0803168
2020-10-28,R03_Safe Haven Pivot,0.10432613
2020-10-28,R04_Currency War,0.055673957
2020-10-28,R05_Credit Stress,0.013313375
2020-10-28,R06_Yield Curve,0.05126089
2020-10-28,R07_Rate Bets,0.058729634
2020-10-28,R08_Tech Alpha,0.054880768
2020-10-28,R09_Small Cap Health,0.03980261
2020-10-28,R10_Mid Cap Cycle,0.030159064
2020-10-28,R11_Value Rotation,0.052191347
2020-10-28,R12_Consumer Cycle,0.046073705
2020-10-28,R13_New/Old Economy,0.15549624
2020-10-28,R14_Defensive Rotation,0.042101264
2020-10-28,R15_Industrial Momentum,0.05133283
2020-10-28,R16_Commodity Infl Pulse,0.124665976
2020-10-28,R17_Global Risk,0.06429681
2020-10-28,R18_Industrial Cycle,0.09751344
2020-10-28,R19_Semiconductor Cycle,0.07006264
2020-10-28,R20_Real Estate vs Rates,0.08035609
2020-11-04,R01_Risk Sentiment,0.07968563
2020-11-04,R02_Real Rates Hedge,0.08334315
2020-11-04,R03_Safe Haven Pivot,0.093895555
2020-11-04,R04_Currency War,0.045087695
2020-11-04,R05_Credit Stress,0.01893165
2020-11-04,R06_Yield Curve,0.051412523
2020-11-04,R07_Rate Bets,0.05904524
2020-11-04,R08_Tech Alpha,0.0404986
2020-11-04,R09_Small Cap Health,0.034950912
2020-11-04,R10_Mid Cap Cycle,0.03307823
2020-11-04,R11_Value Rotation,0.0572253
2020-11-04,R12_Consumer Cycle,0.051073343
2020-11-04,R13_New/Old Economy,0.18040442
2020-11-04,R14_Defensive Rotation,0.03369844
2020-11-04,R15_Industrial Momentum,0.051378727
2020-11-04,R16_Commodity Infl Pulse,0.089514196
2020-11-04,R17_Global Risk,0.069776505
2020-11-04,R18_Industrial Cycle,0.11267424
2020-11-04,R19_Semiconductor Cycle,0.06037724
2020-11-04,R20_Real Estate vs Rates,0.075267404
2020-11-11,R01_Risk Sentiment,0.07352775
2020-11-11,R02_Real Rates Hedge,0.07376373
2020-11-11,R03_Safe Haven Pivot,0.09465885
2020-11-11,R04_Currency War,0.044534206
2020-11-11,R05_Credit Stress,0.023135457
2020-11-11,R06_Yield Curve,0.06204194
2020-11-11,R07_Rate Bets,0.0664661
2020-11-11,R08_Tech Alpha,0.052057624
2020-11-11,R09_Small Cap Health,0.074542165
2020-11-11,R10_Mid Cap Cycle,0.038951427
2020-11-11,R11_Value Rotation,0.08500529
2020-11-11,R12_Consumer Cycle,0.05390328
2020-11-11,R13_New/Old Economy,0.24867237
2020-11-11,R14_Defensive Rotation,0.042138934
2020-11-11,R15_Industrial Momentum,0.06221032
2020-11-11,R16_Commodity Infl Pulse,0.1304279
2020-11-11,R17_Global Risk,0.080527335
2020-11-11,R18_Industrial Cycle,0.111835
2020-11-11,R19_Semiconductor Cycle,0.080067754
2020-11-11,R20_Real Estate vs Rates,0.10555625
2020-11-18,R01_Risk Sentiment,0.09756392
2020-11-18,R02_Real Rates Hedge,0.085206434
2020-11-18,R03_Safe Haven Pivot,0.098489165
2020-11-18,R04_Currency War,0.055674553
2020-11-18,R05_Credit Stress,0.01696327
2020-11-18,R06_Yield Curve,0.05534053
2020-11-18,R07_Rate Bets,0.053583667
2020-11-18,R08_Tech Alpha,0.046774864
2020-11-18,R09_Small Cap Health,0.06001365
2020-11-18,R10_Mid Cap Cycle,0.044972442
2020-11-18,R11_Value Rotation,0.061819226
2020-11-18,R12_Consumer Cycle,0.058249548
2020-11-18,R13_New/Old Economy,0.19639564
2020-11-18,R14_Defensive Rotation,0.042158484
2020-11-18,R15_Industrial Momentum,0.061728716
2020-11-18,R16_Commodity Infl Pulse,0.18085176
2020-11-18,R17_Global Risk,0.06677917
2020-11-18,R18_Industrial Cycle,0.112588644
2020-11-18,R19_Semiconductor Cycle,0.06990123
2020-11-18,R20_Real Estate vs Rates,0.10308644
2020-11-25,R01_Risk Sentiment,0.09136343
2020-11-25,R02_Real Rates Hedge,0.08827758
2020-11-25,R03_Safe Haven Pivot,0.09878099
2020-11-25,R04_Currency War,0.055684686
2020-11-25,R05_Credit Stress,0.023272164
2020-11-25,R06_Yield Curve,0.05918336
2020-11-25,R07_Rate Bets,0.06809103
2020-11-25,R08_Tech Alpha,0.046296775
2020-11-25,R09_Small Cap Health,0.064857066
2020-11-25,R10_Mid Cap Cycle,0.03626877
2020-11-25,R11_Value Rotation,0.045466416
2020-11-25,R12_Consumer Cycle,0.048774034
2020-11-25,R13_New/Old Economy,0.21070194
2020-11-25,R14_Defensive Rotation,0.050628304
2020-11-25,R15_Industrial Momentum,0.04219842
2020-11-25,R16_Commodity Infl Pulse,0.18987447
2020-11-25,R17_Global Risk,0.05833721
2020-11-25,R18_Industrial Cycle,0.0957818
2020-11-25,R19_Semiconductor Cycle,0.059288025
2020-11-25,R20_Real Estate vs Rates,0.0810495
2020-12-03,R01_Risk Sentiment,0.103806674
2020-12-03,R02_Real Rates Hedge,0.08594608
2020-12-03,R03_Safe Haven Pivot,0.12179816
2020-12-03,R04_Currency War,0.06684315
2020-12-03,R05_Credit Stress,0.018891543
2020-12-03,R06_Yield Curve,0.06322032
2020-12-03,R07_Rate Bets,0.05639991
2020-12-03,R08_Tech Alpha,0.05060286
2020-12-03,R09_Small Cap Health,0.04522127
2020-12-03,R10_Mid Cap Cycle,0.045201756
2020-12-03,R11_Value Rotation,0.05576059
2020-12-03,R12_Consumer Cycle,0.046808958
2020-12-03,R13_New/Old Economy,0.19687235
2020-12-03,R14_Defensive Rotation,0.042227387
2020-12-03,R15_Industrial Momentum,0.051489234
2020-12-03,R16_Commodity Infl Pulse,0.17886108
2020-12-03,R17_Global Risk,0.04167357
2020-12-03,R18_Industrial Cycle,0.111697435
2020-12-03,R19_Semiconductor Cycle,0.059077263
2020-12-03,R20_Real Estate vs Rates,0.08122724
2020-12-10,R01_Risk Sentiment,0.10382551
2020-12-10,R02_Real Rates Hedge,0.1015871
2020-12-10,R03_Safe Haven Pivot,0.11192846
2020-12-10,R04_Currency War,0.05628586
2020-12-10,R05_Credit Stress,0.02108435
2020-12-10,R06_Yield Curve,0.059883
2020-12-10,R07_Rate Bets,0.053281933
2020-12-10,R08_Tech Alpha,0.05492051
2020-12-10,R09_Small Cap Health,0.045035183
2020-12-10,R10_Mid Cap Cycle,0.039706305
2020-12-10,R11_Value Rotation,0.0590053
2020-12-10,R12_Consumer Cycle,0.044172466
2020-12-10,R13_New/Old Economy,0.22740018
2020-12-10,R14_Defensive Rotation,0.05071938
2020-12-10,R15_Industrial Momentum,0.041215062
2020-12-10,R16_Commodity Infl Pulse,0.15005112
2020-12-10,R17_Global Risk,0.041452527
2020-12-10,R18_Industrial Cycle,0.096490145
2020-12-10,R19_Semiconductor Cycle,0.07847834
2020-12-10,R20_Real Estate vs Rates,0.06738317
2020-12-17,R01_Risk Sentiment,0.0794456
2020-12-17,R02_Real Rates Hedge,0.07738547
2020-12-17,R03_Safe Haven Pivot,0.09829849
2020-12-17,R04_Currency War,0.056313515
2020-12-17,R05_Credit Stress,0.016091384
2020-12-17,R06_Yield Curve,0.057215154
2020-12-17,R07_Rate Bets,0.057559192
2020-12-17,R08_Tech Alpha,0.036293484
2020-12-17,R09_Small Cap Health,0.04006797
2020-12-17,R10_Mid Cap Cycle,0.03935051
2020-12-17,R11_Value Rotation,0.055637404
2020-12-17,R12_Consumer Cycle,0.05198267
2020-12-17,R13_New/Old Economy,0.18924236
2020-12-17,R14_Defensive Rotation,0.03384781
2020-12-17,R15_Industrial Momentum,0.04175377
2020-12-17,R16_Commodity Infl Pulse,0.101292074
2020-12-17,R17_Global Risk,0.033139646
2020-12-17,R18_Industrial Cycle,0.11158109
2020-12-17,R19_Semiconductor Cycle,0.049848795
2020-12-17,R20_Real Estate vs Rates,0.06487182
2020-12-24,R01_Risk Sentiment,0.08558422
2020-12-24,R02_Real Rates Hedge,0.06629272
2020-12-24,R03_Safe Haven Pivot,0.065423906
2020-12-24,R04_Currency War,0.055787563
2020-12-24,R05_Credit Stress,0.016631708
2020-12-24,R06_Yield Curve,0.050028265
2020-12-24,R07_Rate Bets,0.050122336
2020-12-24,R08_Tech Alpha,0.038314633
2020-12-24,R09_Small Cap Health,0.03532642
2020-12-24,R10_Mid Cap Cycle,0.034204423
2020-12-24,R11_Value Rotation,0.03662198
2020-12-24,R12_Consumer Cycle,0.04307726
2020-12-24,R13_New/Old Economy,0.17944372
2020-12-24,R14_Defensive Rotation,0.04277885
2020-12-24,R15_Industrial Momentum,0.041258812
2020-12-24,R16_Commodity Infl Pulse,0.15195853
2020-12-24,R17_Global Risk,0.033231348
2020-12-24,R18_Industrial Cycle,0.12743151
2020-12-24,R19_Semiconductor Cycle,0.068169236
2020-12-24,R20_Real Estate vs Rates,0.07299814
2021-01-04,R01_Risk Sentiment,0.08567858
2021-01-04,R02_Real Rates Hedge,0.07502814
2021-01-04,R03_Safe Haven Pivot,0.06565887
2021-01-04,R04_Currency War,0.05582118
2021-01-04,R05_Credit Stress,0.016956046
2021-01-04,R06_Yield Curve,0.04330063
2021-01-04,R07_Rate Bets,0.046292752
2021-01-04,R08_Tech Alpha,0.033319704
2021-01-04,R09_Small Cap Health,0.04511559
2021-01-04,R10_Mid Cap Cycle,0.037137464
2021-01-04,R11_Value Rotation,0.037313033
2021-01-04,R12_Consumer Cycle,0.05008596
2021-01-04,R13_New/Old Economy,0.13971555
2021-01-04,R14_Defensive Rotation,0.03476703
2021-01-04,R15_Industrial Momentum,0.041798353
2021-01-04,R16_Commodity Infl Pulse,0.11085796
2021-01-04,R17_Global Risk,0.041279733
2021-01-04,R18_Industrial Cycle,0.09550238
2021-01-04,R19_Semiconductor Cycle,0.06793022
2021-01-04,R20_Real Estate vs Rates,0.067581475
2021-01-11,R01_Risk Sentiment,0.07394993
2021-01-11,R02_Real Rates Hedge,0.102969676
2021-01-11,R03_Safe Haven Pivot,0.08390331
2021-01-11,R04_Currency War,0.044683337
2021-01-11,R05_Credit Stress,0.01856798
2021-01-11,R06_Yield Curve,0.05804509
2021-01-11,R07_Rate Bets,0.05754877
2021-01-11,R08_Tech Alpha,0.037294157
2021-01-11,R09_Small Cap Health,0.06516975
2021-01-11,R10_Mid Cap Cycle,0.04809612
2021-01-11,R11_Value Rotation,0.049609292
2021-01-11,R12_Consumer Cycle,0.073464274
2021-01-11,R13_New/Old Economy,0.17195392
2021-01-11,R14_Defensive Rotation,0.033949494
2021-01-11,R15_Industrial Momentum,0.04182279
2021-01-11,R16_Commodity Infl Pulse,0.091465294
2021-01-11,R17_Global Risk,0.060530245
2021-01-11,R18_Industrial Cycle,0.096221685
2021-01-11,R19_Semiconductor Cycle,0.06767893
2021-01-11,R20_Real Estate vs Rates,0.059135824
2021-01-19,R01_Risk Sentiment,0.07994449
2021-01-19,R02_Real Rates Hedge,0.10070388
2021-01-19,R03_Safe Haven Pivot,0.084035695
2021-01-19,R04_Currency War,0.067614436
2021-01-19,R05_Credit Stress,0.019551732
2021-01-19,R06_Yield Curve,0.054118007
2021-01-19,R07_Rate Bets,0.04941713
2021-01-19,R08_Tech Alpha,0.03500308
2021-01-19,R09_Small Cap Health,0.055125773
2021-01-19,R10_Mid Cap Cycle,0.049480915
2021-01-19,R11_Value Rotation,0.036585838
2021-01-19,R12_Consumer Cycle,0.06696755
2021-01-19,R13_New/Old Economy,0.21776736
2021-01-19,R14_Defensive Rotation,0.034402728
2021-01-19,R15_Industrial Momentum,0.041329384
2021-01-19,R16_Commodity Infl Pulse,0.12781692
2021-01-19,R17_Global Risk,0.06327662
2021-01-19,R18_Industrial Cycle,0.11127138
2021-01-19,R19_Semiconductor Cycle,0.08667052
2021-01-19,R20_Real Estate vs Rates,0.06483239
2021-01-26,R01_Risk Sentiment,0.07979381
2021-01-26,R02_Real Rates Hedge,0.07934196
2021-01-26,R03_Safe Haven Pivot,0.065671265
2021-01-26,R04_Currency War,0.05645895
2021-01-26,R05_Credit Stress,0.0157637
2021-01-26,R06_Yield Curve,0.040208697
2021-01-26,R07_Rate Bets,0.06727074
2021-01-26,R08_Tech Alpha,0.04533358
2021-01-26,R09_Small Cap Health,0.07040906
2021-01-26,R10_Mid Cap Cycle,0.036591962
2021-01-26,R11_Value Rotation,0.06549467
2021-01-26,R12_Consumer Cycle,0.07058099
2021-01-26,R13_New/Old Economy,0.16929364
2021-01-26,R14_Defensive Rotation,0.02592802
2021-01-26,R15_Industrial Momentum,0.04136169
2021-01-26,R16_Commodity Infl Pulse,0.10463768
2021-01-26,R17_Global Risk,0.05465558
2021-01-26,R18_Industrial Cycle,0.11120939
2021-01-26,R19_Semiconductor Cycle,0.067614675
2021-01-26,R20_Real Estate vs Rates,0.058903456
2021-02-02,R01_Risk Sentiment,0.098347306
2021-02-02,R02_Real Rates Hedge,0.060450047
2021-02-02,R03_Safe Haven Pivot,0.09378761
2021-02-02,R04_Currency War,0.055923343
2021-02-02,R05_Credit Stress,0.01777213
2021-02-02,R06_Yield Curve,0.054749787
2021-02-02,R07_Rate Bets,0.04592971
2021-02-02,R08_Tech Alpha,0.036358543
2021-02-02,R09_Small Cap Health,0.0704124
2021-02-02,R10_Mid Cap Cycle,0.034374148
2021-02-02,R11_Value Rotation,0.0538671
2021-02-02,R12_Consumer Cycle,0.06997305
2021-02-02,R13_New/Old Economy,0.16532755
2021-02-02,R14_Defensive Rotation,0.025948286
2021-02-02,R15_Industrial Momentum,0.052267313
2021-02-02,R16_Commodity Infl Pulse,0.09638381
2021-02-02,R17_Global Risk,0.057652652
2021-02-02,R18_Industrial Cycle,0.19049358
2021-02-02,R19_Semiconductor Cycle,0.07690501
2021-02-02,R20_Real Estate vs Rates,0.064933866
2021-02-09,R01_Risk Sentiment,0.08036685
2021-02-09,R02_Real Rates Hedge,0.087094575
2021-02-09,R03_Safe Haven Pivot,0.08032131
2021-02-09,R04_Currency War,0.067691565
2021-02-09,R05_Credit Stress,0.015904732
2021-02-09,R06_Yield Curve,0.06225726
2021-02-09,R07_Rate Bets,0.058933742
2021-02-09,R08_Tech Alpha,0.034088895
2021-02-09,R09_Small Cap Health,0.06513339
2021-02-09,R10_Mid Cap Cycle,0.03990805
2021-02-09,R11_Value Rotation,0.03753782
2021-02-09,R12_Consumer Cycle,0.07227138
2021-02-09,R13_New/Old Economy,0.17972612
2021-02-09,R14_Defensive Rotation,0.051521063
2021-02-09,R15_Industrial Momentum,0.051796794
2021-02-09,R16_Commodity Infl Pulse,0.13161576
2021-02-09,R17_Global Risk,0.04624982
2021-02-09,R18_Industrial Cycle,0.17684007
2021-02-09,R19_Semiconductor Cycle,0.07613778
2021-02-09,R20_Real Estate vs Rates,0.05902794
2021-02-17,R01_Risk Sentiment,0.086701274
2021-02-17,R02_Real Rates Hedge,0.063741684
2021-02-17,R03_Safe Haven Pivot,0.07527876
2021-02-17,R04_Currency War,0.04477203
2021-02-17,R05_Credit Stress,0.013875648
2021-02-17,R06_Yield Curve,0.066137016
2021-02-17,R07_Rate Bets,0.06241811
2021-02-17,R08_Tech Alpha,0.027369574
2021-02-17,R09_Small Cap Health,0.055083275
2021-02-17,R10_Mid Cap Cycle,0.03310661
2021-02-17,R11_Value Rotation,0.028744139
2021-02-17,R12_Consumer Cycle,0.06019178
2021-02-17,R13_New/Old Economy,0.16324317
2021-02-17,R14_Defensive Rotation,0.042621017
2021-02-17,R15_Industrial Momentum,0.05184865
2021-02-17,R16_Commodity Infl Pulse,0.12626055
2021-02-17,R17_Global Risk,0.043701127
2021-02-17,R18_Industrial Cycle,0.11091876
2021-02-17,R19_Semiconductor Cycle,0.095273376
2021-02-17,R20_Real Estate vs Rates,0.04781419
2021-02-24,R01_Risk Sentiment,0.09308267
2021-02-24,R02_Real Rates Hedge,0.0819014
2021-02-24,R03_Safe Haven Pivot,0.06599462
2021-02-24,R04_Currency War,0.055993557
2021-02-24,R05_Credit Stress,0.016928896
2021-02-24,R06_Yield Curve,0.07036266
2021-02-24,R07_Rate Bets,0.063424975
2021-02-24,R08_Tech Alpha,0.041593716
2021-02-24,R09_Small Cap Health,0.060071766
2021-02-24,R10_Mid Cap Cycle,0.035739496
2021-02-24,R11_Value Rotation,0.049738847
2021-02-24,R12_Consumer Cycle,0.08214292
2021-02-24,R13_New/Old Economy,0.18381822
2021-02-24,R14_Defensive Rotation,0.0516212
2021-02-24,R15_Industrial Momentum,0.062280774
2021-02-24,R16_Commodity Infl Pulse,0.13108021
2021-02-24,R17_Global Risk,0.07303813
2021-02-24,R18_Industrial Cycle,0.17569113
2021-02-24,R19_Semiconductor Cycle,0.09491062
2021-02-24,R20_Real Estate vs Rates,0.042071074
2021-03-03,R01_Risk Sentiment,0.10599446
2021-03-03,R02_Real Rates Hedge,0.089735895
2021-03-03,R03_Safe Haven Pivot,0.07997066
2021-03-03,R04_Currency War,0.044819117
2021-03-03,R05_Credit Stress,0.016062401
2021-03-03,R06_Yield Curve,0.066480696
2021-03-03,R07_Rate Bets,0.06790301
2021-03-03,R08_Tech Alpha,0.04306382
2021-03-03,R09_Small Cap Health,0.0553028
2021-03-03,R10_Mid Cap Cycle,0.030702218
2021-03-03,R11_Value Rotation,0.050031208
2021-03-03,R12_Consumer Cycle,0.059744537
2021-03-03,R13_New/Old Economy,0.1854831
2021-03-03,R14_Defensive Rotation,0.034591317
2021-03-03,R15_Industrial Momentum,0.05194664
2021-03-03,R16_Commodity Infl Pulse,0.116543025
2021-03-03,R17_Global Risk,0.062117934
2021-03-03,R18_Industrial Cycle,0.11066878
2021-03-03,R19_Semiconductor Cycle,0.103499055
2021-03-03,R20_Real Estate vs Rates,0.05638674
2021-03-10,R01_Risk Sentiment,0.09969318
2021-03-10,R02_Real Rates Hedge,0.07360527
2021-03-10,R03_Safe Haven Pivot,0.08034521
2021-03-10,R04_Currency War,0.0448339
2021-03-10,R05_Credit Stress,0.02368014
2021-03-10,R06_Yield Curve,0.05924481
2021-03-10,R07_Rate Bets,0.0780627
2021-03-10,R08_Tech Alpha,0.06152016
2021-03-10,R09_Small Cap Health,0.050046444
2021-03-10,R10_Mid Cap Cycle,0.029567078
2021-03-10,R11_Value Rotation,0.06716995
2021-03-10,R12_Consumer Cycle,0.07905123
2021-03-10,R13_New/Old Economy,0.16733456
2021-03-10,R14_Defensive Rotation,0.03419745
2021-03-10,R15_Industrial Momentum,0.06290305
2021-03-10,R16_Commodity Infl Pulse,0.11849573
2021-03-10,R17_Global Risk,0.056645125
2021-03-10,R18_Industrial Cycle,0.11055684
2021-03-10,R19_Semiconductor Cycle,0.13177216
2021-03-10,R20_Real Estate vs Rates,0.05346349
2021-03-17,R01_Risk Sentiment,0.099616885
2021-03-17,R02_Real Rates Hedge,0.07252574
2021-03-17,R03_Safe Haven Pivot,0.08070874
2021-03-17,R04_Currency War,0.044849157
2021-03-17,R05_Credit Stress,0.01969181
2021-03-17,R06_Yield Curve,0.06677887
2021-03-17,R07_Rate Bets,0.06338452
2021-03-17,R08_Tech Alpha,0.058493644
2021-03-17,R09_Small Cap Health,0.060275793
2021-03-17,R10_Mid Cap Cycle,0.03824848
2021-03-17,R11_Value Rotation,0.0727605
2021-03-17,R12_Consumer Cycle,0.07149112
2021-03-17,R13_New/Old Economy,0.18810982
2021-03-17,R14_Defensive Rotation,0.05134785
2021-03-17,R15_Industrial Momentum,0.052024126
2021-03-17,R16_Commodity Infl Pulse,0.113337815
2021-03-17,R17_Global Risk,0.067169785
2021-03-17,R18_Industrial Cycle,0.095446944
2021-03-17,R19_Semiconductor Cycle,0.11217326
2021-03-17,R20_Real Estate vs Rates,0.0563592
2021-03-24,R01_Risk Sentiment,0.09396005
2021-03-24,R02_Real Rates Hedge,0.08043519
2021-03-24,R03_Safe Haven Pivot,0.06641406
2021-03-24,R04_Currency War,0.04542899
2021-03-24,R05_Credit Stress,0.012754612
2021-03-24,R06_Yield Curve,0.06318861
2021-03-24,R07_Rate Bets,0.08041734
2021-03-24,R08_Tech Alpha,0.048110783
2021-03-24,R09_Small Cap Health,0.08525264
2021-03-24,R10_Mid Cap Cycle,0.06507468
2021-03-24,R11_Value Rotation,0.047680438
2021-03-24,R12_Consumer Cycle,0.08704889
2021-03-24,R13_New/Old Economy,0.12916243
2021-03-24,R14_Defensive Rotation,0.035117865
2021-03-24,R15_Industrial Momentum,0.0421654
2021-03-24,R16_Commodity Infl Pulse,0.12888244
2021-03-24,R17_Global Risk,0.05379787
2021-03-24,R18_Industrial Cycle,0.11110675
2021-03-24,R19_Semiconductor Cycle,0.10292995
2021-03-24,R20_Real Estate vs Rates,0.05601287
2021-03-31,R01_Risk Sentiment,0.10107744
2021-03-31,R02_Real Rates Hedge,0.07339609
2021-03-31,R03_Safe Haven Pivot,0.061546445
2021-03-31,R04_Currency War,0.06731486
2021-03-31,R05_Credit Stress,0.017094418
2021-03-31,R06_Yield Curve,0.06701979
2021-03-31,R07_Rate Bets,0.06270523
2021-03-31,R08_Tech Alpha,0.04397139
2021-03-31,R09_Small Cap Health,0.100263834
2021-03-31,R10_Mid Cap Cycle,0.04833485
2021-03-31,R11_Value Rotation,0.05823069
2021-03-31,R12_Consumer Cycle,0.079036415
2021-03-31,R13_New/Old Economy,0.1434983
2021-03-31,R14_Defensive Rotation,0.0347178
2021-03-31,R15_Industrial Momentum,0.052078366
2021-03-31,R16_Commodity Infl Pulse,0.08837807
2021-03-31,R17_Global Risk,0.067288995
2021-03-31,R18_Industrial Cycle,0.09447217
2021-03-31,R19_Semiconductor Cycle,0.08447957
2021-03-31,R20_Real Estate vs Rates,0.06756228
2021-04-08,R01_Risk Sentiment,0.094160676
2021-04-08,R02_Real Rates Hedge,0.059965104
2021-04-08,R03_Safe Haven Pivot,0.057399392
2021-04-08,R04_Currency War,0.045447588
2021-04-08,R05_Credit Stress,0.01896704
2021-04-08,R06_Yield Curve,0.059873313
2021-04-08,R07_Rate Bets,0.05093103
2021-04-08,R08_Tech Alpha,0.04726872
2021-04-08,R09_Small Cap Health,0.07499677
2021-04-08,R10_Mid Cap Cycle,0.041634813
2021-04-08,R11_Value Rotation,0.061775636
2021-04-08,R12_Consumer Cycle,0.07763657
2021-04-08,R13_New/Old Economy,0.103808045
2021-04-08,R14_Defensive Rotation,0.051481843
2021-04-08,R15_Industrial Momentum,0.052620888
2021-04-08,R16_Commodity Infl Pulse,0.107434094
2021-04-08,R17_Global Risk,0.05663541
2021-04-08,R18_Industrial Cycle,0.095172286
2021-04-08,R19_Semiconductor Cycle,0.111465335
2021-04-08,R20_Real Estate vs Rates,0.05320254
2021-04-15,R01_Risk Sentiment,0.10075915
2021-04-15,R02_Real Rates Hedge,0.06829202
2021-04-15,R03_Safe Haven Pivot,0.047523797
2021-04-15,R04_Currency War,0.067361
2021-04-15,R05_Credit Stress,0.015990406
2021-04-15,R06_Yield Curve,0.048788875
2021-04-15,R07_Rate Bets,0.05528298
2021-04-15,R08_Tech Alpha,0.043355137
2021-04-15,R09_Small Cap Health,0.08526003
2021-04-15,R10_Mid Cap Cycle,0.03976421
2021-04-15,R11_Value Rotation,0.048254088
2021-04-15,R12_Consumer Cycle,0.06974855
2021-04-15,R13_New/Old Economy,0.13871872
2021-04-15,R14_Defensive Rotation,0.04380119
2021-04-15,R15_Industrial Momentum,0.031799197
2021-04-15,R16_Commodity Infl Pulse,0.12007505
2021-04-15,R17_Global Risk,0.054180115
2021-04-15,R18_Industrial Cycle,0.06443441
2021-04-15,R19_Semiconductor Cycle,0.09263426
2021-04-15,R20_Real Estate vs Rates,0.04740435
2021-04-22,R01_Risk Sentiment,0.10767472
2021-04-22,R02_Real Rates Hedge,0.07173321
2021-04-22,R03_Safe Haven Pivot,0.05734843
2021-04-22,R04_Currency War,0.056726098
2021-04-22,R05_Credit Stress,0.019282132
2021-04-22,R06_Yield Curve,0.04515192
2021-04-22,R07_Rate Bets,0.053137377
2021-04-22,R08_Tech Alpha,0.04067728
2021-04-22,R09_Small Cap Health,0.080287755
2021-04-22,R10_Mid Cap Cycle,0.034846902
2021-04-22,R11_Value Rotation,0.051851932
2021-04-22,R12_Consumer Cycle,0.07501623
2021-04-22,R13_New/Old Economy,0.11894977
2021-04-22,R14_Defensive Rotation,0.05156517
2021-04-22,R15_Industrial Momentum,0.041729808
2021-04-22,R16_Commodity Infl Pulse,0.11028814
2021-04-22,R17_Global Risk,0.050812542
2021-04-22,R18_Industrial Cycle,0.10989952
2021-04-22,R19_Semiconductor Cycle,0.091887414
2021-04-22,R20_Real Estate vs Rates,0.058732674
2021-04-29,R01_Risk Sentiment,0.0953027
2021-04-29,R02_Real Rates Hedge,0.04873368
2021-04-29,R03_Safe Haven Pivot,0.061950266
2021-04-29,R04_Currency War,0.05619681
2021-04-29,R05_Credit Stress,0.015053868
2021-04-29,R06_Yield Curve,0.048796266
2021-04-29,R07_Rate Bets,0.06973486
2021-04-29,R08_Tech Alpha,0.03083995
2021-04-29,R09_Small Cap Health,0.060285985
2021-04-29,R10_Mid Cap Cycle,0.031901076
2021-04-29,R11_Value Rotation,0.038726233
2021-04-29,R12_Consumer Cycle,0.06419173
2021-04-29,R13_New/Old Economy,0.14926815
2021-04-29,R14_Defensive Rotation,0.042989016
2021-04-29,R15_Industrial Momentum,0.04175341
2021-04-29,R16_Commodity Infl Pulse,0.12647629
2021-04-29,R17_Global Risk,0.045568794
2021-04-29,R18_Industrial Cycle,0.07841706
2021-04-29,R19_Semiconductor Cycle,0.09206939
2021-04-29,R20_Real Estate vs Rates,0.055694014
2021-05-06,R01_Risk Sentiment,0.089208364
2021-05-06,R02_Real Rates Hedge,0.055339962
2021-05-06,R03_Safe Haven Pivot,0.06678665
2021-05-06,R04_Currency War,0.05623126
2021-05-06,R05_Credit Stress,0.014396772
2021-05-06,R06_Yield Curve,0.052455127
2021-05-06,R07_Rate Bets,0.06211023
2021-05-06,R08_Tech Alpha,0.043973565
2021-05-06,R09_Small Cap Health,0.05503887
2021-05-06,R10_Mid Cap Cycle,0.023360923
2021-05-06,R11_Value Rotation,0.046898693
2021-05-06,R12_Consumer Cycle,0.08299819
2021-05-06,R13_New/Old Economy,0.15681088
2021-05-06,R14_Defensive Rotation,0.060619473
2021-05-06,R15_Industrial Momentum,0.04177761
2021-05-06,R16_Commodity Infl Pulse,0.103860974
2021-05-06,R17_Global Risk,0.04300645
2021-05-06,R18_Industrial Cycle,0.07833445
2021-05-06,R19_Semiconductor Cycle,0.10098803
2021-05-06,R20_Real Estate vs Rates,0.06966573
2021-05-13,R01_Risk Sentiment,0.089131236
2021-05-13,R02_Real Rates Hedge,0.082934946
2021-05-13,R03_Safe Haven Pivot,0.110021114
2021-05-13,R04_Currency War,0.067528605
2021-05-13,R05_Credit Stress,0.019776173
2021-05-13,R06_Yield Curve,0.052736968
2021-05-13,R07_Rate Bets,0.07185291
2021-05-13,R08_Tech Alpha,0.057056293
2021-05-13,R09_Small Cap Health,0.0605675
2021-05-13,R10_Mid Cap Cycle,0.034672678
2021-05-13,R11_Value Rotation,0.056190804
2021-05-13,R12_Consumer Cycle,0.08129285
2021-05-13,R13_New/Old Economy,0.1503349
2021-05-13,R14_Defensive Rotation,0.06019938
2021-05-13,R15_Industrial Momentum,0.052241325
2021-05-13,R16_Commodity Infl Pulse,0.09905112
2021-05-13,R17_Global Risk,0.05113378
2021-05-13,R18_Industrial Cycle,0.06259632
2021-05-13,R19_Semiconductor Cycle,0.10987103
2021-05-13,R20_Real Estate vs Rates,0.07517411
2021-05-20,R01_Risk Sentiment,0.09609389
2021-05-20,R02_Real Rates Hedge,0.06641933
2021-05-20,R03_Safe Haven Pivot,0.09573501
2021-05-20,R04_Currency War,0.05631721
2021-05-20,R05_Credit Stress,0.017498061
2021-05-20,R06_Yield Curve,0.041725785
2021-05-20,R07_Rate Bets,0.061780125
2021-05-20,R08_Tech Alpha,0.045394197
2021-05-20,R09_Small Cap Health,0.045324743
2021-05-20,R10_Mid Cap Cycle,0.025231421
2021-05-20,R11_Value Rotation,0.03852441
2021-05-20,R12_Consumer Cycle,0.072144985
2021-05-20,R13_New/Old Economy,0.13758993
2021-05-20,R14_Defensive Rotation,0.052042484
2021-05-20,R15_Industrial Momentum,0.042331457
2021-05-20,R16_Commodity Infl Pulse,0.100153506
2021-05-20,R17_Global Risk,0.0561921
2021-05-20,R18_Industrial Cycle,0.078936815
2021-05-20,R19_Semiconductor Cycle,0.09097195
2021-05-20,R20_Real Estate vs Rates,0.0606692
2021-05-27,R01_Risk Sentiment,0.10921216
2021-05-27,R02_Real Rates Hedge,0.057521075
2021-05-27,R03_Safe Haven Pivot,0.08624679
2021-05-27,R04_Currency War,0.05636275
2021-05-27,R05_Credit Stress,0.0144418925
2021-05-27,R06_Yield Curve,0.041603416
2021-05-27,R07_Rate Bets,0.06592941
2021-05-27,R08_Tech Alpha,0.035619125
2021-05-27,R09_Small Cap Health,0.07541132
2021-05-27,R10_Mid Cap Cycle,0.032647833
2021-05-27,R11_Value Rotation,0.043652106
2021-05-27,R12_Consumer Cycle,0.06738953
2021-05-27,R13_New/Old Economy,0.13129449
2021-05-27,R14_Defensive Rotation,0.043453455
2021-05-27,R15_Industrial Momentum,0.0418272
2021-05-27,R16_Commodity Infl Pulse,0.089129984
2021-05-27,R17_Global Risk,0.050671697
2021-05-27,R18_Industrial Cycle,0.062452674
2021-05-27,R19_Semiconductor Cycle,0.09071076
2021-05-27,R20_Real Estate vs Rates,0.052803338
2021-06-04,R01_Risk Sentiment,0.08482468
2021-06-04,R02_Real Rates Hedge,0.08425084
2021-06-04,R03_Safe Haven Pivot,0.05282557
2021-06-04,R04_Currency War,0.045128584
2021-06-04,R05_Credit Stress,0.013725139
2021-06-04,R06_Yield Curve,0.041478455
2021-06-04,R07_Rate Bets,0.061052233
2021-06-04,R08_Tech Alpha,0.037484154
2021-06-04,R09_Small Cap Health,0.050107658
2021-06-04,R10_Mid Cap Cycle,0.02703704
2021-06-04,R11_Value Rotation,0.0455095
2021-06-04,R12_Consumer Cycle,0.06664139
2021-06-04,R13_New/Old Economy,0.1916824
2021-06-04,R14_Defensive Rotation,0.05251503
2021-06-04,R15_Industrial Momentum,0.03190291
2021-06-04,R16_Commodity Infl Pulse,0.08673
2021-06-04,R17_Global Risk,0.05349186
2021-06-04,R18_Industrial Cycle,0.063158154
2021-06-04,R19_Semiconductor Cycle,0.08181059
2021-06-04,R20_Real Estate vs Rates,0.06058128
2021-06-11,R01_Risk Sentiment,0.07126188
2021-06-11,R02_Real Rates Hedge,0.07703456
2021-06-11,R03_Safe Haven Pivot,0.053355157
2021-06-11,R04_Currency War,0.04516661
2021-06-11,R05_Credit Stress,0.012248158
2021-06-11,R06_Yield Curve,0.045693845
2021-06-11,R07_Rate Bets,0.061389998
2021-06-11,R08_Tech Alpha,0.033589005
2021-06-11,R09_Small Cap Health,0.06036663
2021-06-11,R10_Mid Cap Cycle,0.025141627
2021-06-11,R11_Value Rotation,0.04645302
2021-06-11,R12_Consumer Cycle,0.05521515
2021-06-11,R13_New/Old Economy,0.17707473
2021-06-11,R14_Defensive Rotation,0.051687002
2021-06-11,R15_Industrial Momentum,0.052842498
2021-06-11,R16_Commodity Infl Pulse,0.08458853
2021-06-11,R17_Global Risk,0.037452847
2021-06-11,R18_Industrial Cycle,0.063082695
2021-06-11,R19_Semiconductor Cycle,0.08105874
2021-06-11,R20_Real Estate vs Rates,0.062782355
2021-06-18,R01_Risk Sentiment,0.09742463
2021-06-18,R02_Real Rates Hedge,0.11936322
2021-06-18,R03_Safe Haven Pivot,0.08174777
2021-06-18,R04_Currency War,0.057059288
2021-06-18,R05_Credit Stress,0.015802592
2021-06-18,R06_Yield Curve,0.049156398
2021-06-18,R07_Rate Bets,0.06614078
2021-06-18,R08_Tech Alpha,0.03856559
2021-06-18,R09_Small Cap Health,0.050336838
2021-06-18,R10_Mid Cap Cycle,0.029476687
2021-06-18,R11_Value Rotation,0.05184521
2021-06-18,R12_Consumer Cycle,0.058606327
2021-06-18,R13_New/Old Economy,0.16302955
2021-06-18,R14_Defensive Rotation,0.060768127
2021-06-18,R15_Industrial Momentum,0.041879296
2021-06-18,R16_Commodity Infl Pulse,0.10171446
2021-06-18,R17_Global Risk,0.045236826
2021-06-18,R18_Industrial Cycle,0.06222272
2021-06-18,R19_Semiconductor Cycle,0.08973926
2021-06-18,R20_Real Estate vs Rates,0.04891409
2021-06-25,R01_Risk Sentiment,0.11039972
2021-06-25,R02_Real Rates Hedge,0.10170451
2021-06-25,R03_Safe Haven Pivot,0.07255024
2021-06-25,R04_Currency War,0.0457803
2021-06-25,R05_Credit Stress,0.01573763
2021-06-25,R06_Yield Curve,0.053025067
2021-06-25,R07_Rate Bets,0.06930663
2021-06-25,R08_Tech Alpha,0.036127374
2021-06-25,R09_Small Cap Health,0.060089946
2021-06-25,R10_Mid Cap Cycle,0.040534288
2021-06-25,R11_Value Rotation,0.05369671
2021-06-25,R12_Consumer Cycle,0.07439074
2021-06-25,R13_New/Old Economy,0.1417216
2021-06-25,R14_Defensive Rotation,0.04355192
2021-06-25,R15_Industrial Momentum,0.05237937
2021-06-25,R16_Commodity Infl Pulse,0.092665285
2021-06-25,R17_Global Risk,0.053108513
2021-06-25,R18_Industrial Cycle,0.062922716
2021-06-25,R19_Semiconductor Cycle,0.089431584
2021-06-25,R20_Real Estate vs Rates,0.06511541
2021-07-02,R01_Risk Sentiment,0.07200134
2021-07-02,R02_Real Rates Hedge,0.07895547
2021-07-02,R03_Safe Haven Pivot,0.06285089
2021-07-02,R04_Currency War,0.057112336
2021-07-02,R05_Credit Stress,0.014788009
2021-07-02,R06_Yield Curve,0.049308956
2021-07-02,R07_Rate Bets,0.06369685
2021-07-02,R08_Tech Alpha,0.04312396
2021-07-02,R09_Small Cap Health,0.06533849
2021-07-02,R10_Mid Cap Cycle,0.032028362
2021-07-02,R11_Value Rotation,0.05643966
2021-07-02,R12_Consumer Cycle,0.06934148
2021-07-02,R13_New/Old Economy,0.15123904
2021-07-02,R14_Defensive Rotation,0.051774025
2021-07-02,R15_Industrial Momentum,0.04192877
2021-07-02,R16_Commodity Infl Pulse,0.080159456
2021-07-02,R17_Global Risk,0.050367147
2021-07-02,R18_Industrial Cycle,0.062066913
2021-07-02,R19_Semiconductor Cycle,0.06281221
2021-07-02,R20_Real Estate vs Rates,0.059363544
2021-07-12,R01_Risk Sentiment,0.08563018
2021-07-12,R02_Real Rates Hedge,0.058534294
2021-07-12,R03_Safe Haven Pivot,0.04830116
2021-07-12,R04_Currency War,0.045816064
2021-07-12,R05_Credit Stress,0.0141243115
2021-07-12,R06_Yield Curve,0.053203255
2021-07-12,R07_Rate Bets,0.055431068
2021-07-12,R08_Tech Alpha,0.03907591
2021-07-12,R09_Small Cap Health,0.07511568
2021-07-12,R10_Mid Cap Cycle,0.046355978
2021-07-12,R11_Value Rotation,0.06912732
2021-07-12,R12_Consumer Cycle,0.06786737
2021-07-12,R13_New/Old Economy,0.13607848
2021-07-12,R14_Defensive Rotation,0.043168187
2021-07-12,R15_Industrial Momentum,0.052446485
2021-07-12,R16_Commodity Infl Pulse,0.08410251
2021-07-12,R17_Global Risk,0.055738747
2021-07-12,R18_Industrial Cycle,0.07748008
2021-07-12,R19_Semiconductor Cycle,0.09811258
2021-07-12,R20_Real Estate vs Rates,0.059390552
2021-07-19,R01_Risk Sentiment,0.092125654
2021-07-19,R02_Real Rates Hedge,0.062158495
2021-07-19,R03_Safe Haven Pivot,0.05834937
2021-07-19,R04_Currency War,0.056583166
2021-07-19,R05_Credit Stress,0.016906932
2021-07-19,R06_Yield Curve,0.053488493
2021-07-19,R07_Rate Bets,0.07982685
2021-07-19,R08_Tech Alpha,0.03343241
2021-07-19,R09_Small Cap Health,0.095213234
2021-07-19,R10_Mid Cap Cycle,0.035320066
2021-07-19,R11_Value Rotation,0.046991333
2021-07-19,R12_Consumer Cycle,0.08253762
2021-07-19,R13_New/Old Economy,0.13781214
2021-07-19,R14_Defensive Rotation,0.043189287
2021-07-19,R15_Industrial Momentum,0.04251063
2021-07-19,R16_Commodity Infl Pulse,0.11899775
2021-07-19,R17_Global Risk,0.053314894
2021-07-19,R18_Industrial Cycle,0.061903596
2021-07-19,R19_Semiconductor Cycle,0.07080579
2021-07-19,R20_Real Estate vs Rates,0.051240608
2021-07-26,R01_Risk Sentiment,0.09894657
2021-07-26,R02_Real Rates Hedge,0.07054117
2021-07-26,R03_Safe Haven Pivot,0.06358749
2021-07-26,R04_Currency War,0.045283556
2021-07-26,R05_Credit Stress,0.01656384
2021-07-26,R06_Yield Curve,0.061050326
2021-07-26,R07_Rate Bets,0.06487982
2021-07-26,R08_Tech Alpha,0.033017397
2021-07-26,R09_Small Cap Health,0.120595574
2021-07-26,R10_Mid Cap Cycle,0.04672403
2021-07-26,R11_Value Rotation,0.047235668
2021-07-26,R12_Consumer Cycle,0.07286164
2021-07-26,R13_New/Old Economy,0.18400013
2021-07-26,R14_Defensive Rotation,0.05184388
2021-07-26,R15_Industrial Momentum,0.053038
2021-07-26,R16_Commodity Infl Pulse,0.10676551
2021-07-26,R17_Global Risk,0.0660575
2021-07-26,R18_Industrial Cycle,0.07728791
2021-07-26,R19_Semiconductor Cycle,0.08822143
2021-07-26,R20_Real Estate vs Rates,0.08038874
2021-08-02,R01_Risk Sentiment,0.11241412
2021-08-02,R02_Real Rates Hedge,0.07601778
2021-08-02,R03_Safe Haven Pivot,0.06814492
2021-08-02,R04_Currency War,0.056630135
2021-08-02,R05_Credit Stress,0.016307026
2021-08-02,R06_Yield Curve,0.053921014
2021-08-02,R07_Rate Bets,0.061788112
2021-08-02,R08_Tech Alpha,0.027706772
2021-08-02,R09_Small Cap Health,0.07049346
2021-08-02,R10_Mid Cap Cycle,0.049137414
2021-08-02,R11_Value Rotation,0.035940476
2021-08-02,R12_Consumer Cycle,0.073902994
2021-08-02,R13_New/Old Economy,0.13176668
2021-08-02,R14_Defensive Rotation,0.04321289
2021-08-02,R15_Industrial Momentum,0.042563796
2021-08-02,R16_Commodity Infl Pulse,0.08692461
2021-08-02,R17_Global Risk,0.0635798
2021-08-02,R18_Industrial Cycle,0.06253958
2021-08-02,R19_Semiconductor Cycle,0.07080054
2021-08-02,R20_Real Estate vs Rates,0.06398623
2021-08-09,R01_Risk Sentiment,0.09255648
2021-08-09,R02_Real Rates Hedge,0.079675496
2021-08-09,R03_Safe Haven Pivot,0.08346462
2021-08-09,R04_Currency War,0.045328617
2021-08-09,R05_Credit Stress,0.012841612
2021-08-09,R06_Yield Curve,0.065164715
2021-08-09,R07_Rate Bets,0.0722252
2021-08-09,R08_Tech Alpha,0.025647193
2021-08-09,R09_Small Cap Health,0.05020386
2021-08-09,R10_Mid Cap Cycle,0.04007543
2021-08-09,R11_Value Rotation,0.03945814
2021-08-09,R12_Consumer Cycle,0.07152438
2021-08-09,R13_New/Old Economy,0.11679363
2021-08-09,R14_Defensive Rotation,0.043647647
2021-08-09,R15_Industrial Momentum,0.04206884
2021-08-09,R16_Commodity Infl Pulse,0.098145485
2021-08-09,R17_Global Risk,0.06069392
2021-08-09,R18_Industrial Cycle,0.061713934
2021-08-09,R19_Semiconductor Cycle,0.08768427
2021-08-09,R20_Real Estate vs Rates,0.04784263
2021-08-16,R01_Risk Sentiment,0.073626995
2021-08-16,R02_Real Rates Hedge,0.067912474
2021-08-16,R03_Safe Haven Pivot,0.06441367
2021-08-16,R04_Currency War,0.034013987
2021-08-16,R05_Credit Stress,0.016124524
2021-08-16,R06_Yield Curve,0.057787985
2021-08-16,R07_Rate Bets,0.064372465
2021-08-16,R08_Tech Alpha,0.03383568
2021-08-16,R09_Small Cap Health,0.07109094
2021-08-16,R10_Mid Cap Cycle,0.040231436
2021-08-16,R11_Value Rotation,0.044444203
2021-08-16,R12_Consumer Cycle,0.06626016
2021-08-16,R13_New/Old Economy,0.15667784
2021-08-16,R14_Defensive Rotation,0.03501129
2021-08-16,R15_Industrial Momentum,0.042622805
2021-08-16,R16_Commodity Infl Pulse,0.081498265
2021-08-16,R17_Global Risk,0.050281167
2021-08-16,R18_Industrial Cycle,0.07708609
2021-08-16,R19_Semiconductor Cycle,0.078680634
2021-08-16,R20_Real Estate vs Rates,0.063281775
2021-08-23,R01_Risk Sentiment,0.10054958
2021-08-23,R02_Real Rates Hedge,0.06481643
2021-08-23,R03_Safe Haven Pivot,0.059518278
2021-08-23,R04_Currency War,0.045369744
2021-08-23,R05_Credit Stress,0.0139092505
2021-08-23,R06_Yield Curve,0.053821802
2021-08-23,R07_Rate Bets,0.079124644
2021-08-23,R08_Tech Alpha,0.026897356
2021-08-23,R09_Small Cap Health,0.070662975
2021-08-23,R10_Mid Cap Cycle,0.04476755
2021-08-23,R11_Value Rotation,0.032750055
2021-08-23,R12_Consumer Cycle,0.07723841
2021-08-23,R13_New/Old Economy,0.12594676
2021-08-23,R14_Defensive Rotation,0.043229222
2021-08-23,R15_Industrial Momentum,0.06318867
2021-08-23,R16_Commodity Infl Pulse,0.08593255
2021-08-23,R17_Global Risk,0.060995817
2021-08-23,R18_Industrial Cycle,0.07780218
2021-08-23,R19_Semiconductor Cycle,0.052729845
2021-08-23,R20_Real Estate vs Rates,0.047920853
2021-08-30,R01_Risk Sentiment,0.08728826
2021-08-30,R02_Real Rates Hedge,0.0683295
2021-08-30,R03_Safe Haven Pivot,0.0546003
2021-08-30,R04_Currency War,0.034044266
2021-08-30,R05_Credit Stress,0.013590485
2021-08-30,R06_Yield Curve,0.0388487
2021-08-30,R07_Rate Bets,0.078916505
2021-08-30,R08_Tech Alpha,0.028106824
2021-08-30,R09_Small Cap Health,0.06064397
2021-08-30,R10_Mid Cap Cycle,0.053219527
2021-08-30,R11_Value Rotation,0.044740126
2021-08-30,R12_Consumer Cycle,0.063329965
2021-08-30,R13_New/Old Economy,0.18230867
2021-08-30,R14_Defensive Rotation,0.06961882
2021-08-30,R15_Industrial Momentum,0.042153835
2021-08-30,R16_Commodity Infl Pulse,0.097599804
2021-08-30,R17_Global Risk,0.05281222
2021-08-30,R18_Industrial Cycle,0.07697725
2021-08-30,R19_Semiconductor Cycle,0.07037097
2021-08-30,R20_Real Estate vs Rates,0.044692144
2021-09-07,R01_Risk Sentiment,0.07390332
2021-09-07,R02_Real Rates Hedge,0.061629027
2021-09-07,R03_Safe Haven Pivot,0.07468814
2021-09-07,R04_Currency War,0.04542017
2021-09-07,R05_Credit Stress,0.015090026
2021-09-07,R06_Yield Curve,0.050415307
2021-09-07,R07_Rate Bets,0.0653159
2021-09-07,R08_Tech Alpha,0.02453436
2021-09-07,R09_Small Cap Health,0.07099277
2021-09-07,R10_Mid Cap Cycle,0.039824
2021-09-07,R11_Value Rotation,0.038194574
2021-09-07,R12_Consumer Cycle,0.07587072
2021-09-07,R13_New/Old Economy,0.1448543
2021-09-07,R14_Defensive Rotation,0.052336454
2021-09-07,R15_Industrial Momentum,0.042710423
2021-09-07,R16_Commodity Infl Pulse,0.09510636
2021-09-07,R17_Global Risk,0.0477778
2021-09-07,R18_Industrial Cycle,0.07692218
2021-09-07,R19_Semiconductor Cycle,0.06105733
2021-09-07,R20_Real Estate vs Rates,0.05455614
2021-09-14,R01_Risk Sentiment,0.0944885
2021-09-14,R02_Real Rates Hedge,0.06012875
2021-09-14,R03_Safe Haven Pivot,0.0650655
2021-09-14,R04_Currency War,0.034086466
2021-09-14,R05_Credit Stress,0.014743552
2021-09-14,R06_Yield Curve,0.046191096
2021-09-14,R07_Rate Bets,0.0626128
2021-09-14,R08_Tech Alpha,0.024342284
2021-09-14,R09_Small Cap Health,0.055658996
2021-09-14,R10_Mid Cap Cycle,0.043130517
2021-09-14,R11_Value Rotation,0.052033946
2021-09-14,R12_Consumer Cycle,0.0660018
2021-09-14,R13_New/Old Economy,0.13699007
2021-09-14,R14_Defensive Rotation,0.04326451
2021-09-14,R15_Industrial Momentum,0.052770376
2021-09-14,R16_Commodity Infl Pulse,0.09214598
2021-09-14,R17_Global Risk,0.052902192
2021-09-14,R18_Industrial Cycle,0.06150353
2021-09-14,R19_Semiconductor Cycle,0.06948948
2021-09-14,R20_Real Estate vs Rates,0.08817004
2021-09-21,R01_Risk Sentiment,0.1219697
2021-09-21,R02_Real Rates Hedge,0.08004695
2021-09-21,R03_Safe Haven Pivot,0.08011359
2021-09-21,R04_Currency War,0.045477033
2021-09-21,R05_Credit Stress,0.011553876
2021-09-21,R06_Yield Curve,0.050261974
2021-09-21,R07_Rate Bets,0.05745946
2021-09-21,R08_Tech Alpha,0.025748149
2021-09-21,R09_Small Cap Health,0.0508914
2021-09-21,R10_Mid Cap Cycle,0.04035832
2021-09-21,R11_Value Rotation,0.033474877
2021-09-21,R12_Consumer Cycle,0.06499317
2021-09-21,R13_New/Old Economy,0.13019753
2021-09-21,R14_Defensive Rotation,0.043704033
2021-09-21,R15_Industrial Momentum,0.052815676
2021-09-21,R16_Commodity Infl Pulse,0.09295881
2021-09-21,R17_Global Risk,0.050274163
2021-09-21,R18_Industrial Cycle,0.07685876
2021-09-21,R19_Semiconductor Cycle,0.07743901
2021-09-21,R20_Real Estate vs Rates,0.06430246
2021-09-28,R01_Risk Sentiment,0.081588864
2021-09-28,R02_Real Rates Hedge,0.05868414
2021-09-28,R03_Safe Haven Pivot,0.07036573
2021-09-28,R04_Currency War,0.034695387
2021-09-28,R05_Credit Stress,0.015479341
2021-09-28,R06_Yield Curve,0.05784139
2021-09-28,R07_Rate Bets,0.09197603
2021-09-28,R08_Tech Alpha,0.030202791
2021-09-28,R09_Small Cap Health,0.06554431
2021-09-28,R10_Mid Cap Cycle,0.039199725
2021-09-28,R11_Value Rotation,0.04451511
2021-09-28,R12_Consumer Cycle,0.051540017
2021-09-28,R13_New/Old Economy,0.13877177
2021-09-28,R14_Defensive Rotation,0.04414165
2021-09-28,R15_Industrial Momentum,0.04282248
2021-09-28,R16_Commodity Infl Pulse,0.12740165
2021-09-28,R17_Global Risk,0.04237601
2021-09-28,R18_Industrial Cycle,0.06300473
2021-09-28,R19_Semiconductor Cycle,0.07720077
2021-09-28,R20_Real Estate vs Rates,0.069666706
2021-10-05,R01_Risk Sentiment,0.11804426
2021-10-05,R02_Real Rates Hedge,0.07301159
2021-10-05,R03_Safe Haven Pivot,0.10619223
2021-10-05,R04_Currency War,0.04552269
2021-10-05,R05_Credit Stress,0.015116155
2021-10-05,R06_Yield Curve,0.061727554
2021-10-05,R07_Rate Bets,0.067238465
2021-10-05,R08_Tech Alpha,0.042236403
2021-10-05,R09_Small Cap Health,0.06556934
2021-10-05,R10_Mid Cap Cycle,0.056810044
2021-10-05,R11_Value Rotation,0.054696914
2021-10-05,R12_Consumer Cycle,0.056885064
2021-10-05,R13_New/Old Economy,0.17270958
2021-10-05,R14_Defensive Rotation,0.043720126
2021-10-05,R15_Industrial Momentum,0.0423311
2021-10-05,R16_Commodity Infl Pulse,0.10605618
2021-10-05,R17_Global Risk,0.050161302
2021-10-05,R18_Industrial Cycle,0.076813936
2021-10-05,R19_Semiconductor Cycle,0.094083786
2021-10-05,R20_Real Estate vs Rates,0.07911182
2021-10-12,R01_Risk Sentiment,0.09625411
2021-10-12,R02_Real Rates Hedge,0.060929954
2021-10-12,R03_Safe Haven Pivot,0.050640285
2021-10-12,R04_Currency War,0.034728646
2021-10-12,R05_Credit Stress,0.016262561
2021-10-12,R06_Yield Curve,0.05787146
2021-10-12,R07_Rate Bets,0.078049585
2021-10-12,R08_Tech Alpha,0.032488927
2021-10-12,R09_Small Cap Health,0.055498064
2021-10-12,R10_Mid Cap Cycle,0.040554278
2021-10-12,R11_Value Rotation,0.04516454
2021-10-12,R12_Consumer Cycle,0.059112042
2021-10-12,R13_New/Old Economy,0.14028597
2021-10-12,R14_Defensive Rotation,0.05196154
2021-10-12,R15_Industrial Momentum,0.052958965
2021-10-12,R16_Commodity Infl Pulse,0.099871635
2021-10-12,R17_Global Risk,0.039711654
2021-10-12,R18_Industrial Cycle,0.07678461
2021-10-12,R19_Semiconductor Cycle,0.06823039
2021-10-12,R20_Real Estate vs Rates,0.07120625
2021-10-19,R01_Risk Sentiment,0.076025605
2021-10-19,R02_Real Rates Hedge,0.065011814
2021-10-19,R03_Safe Haven Pivot,0.07651788
2021-10-19,R04_Currency War,0.04613924
2021-10-19,R05_Credit Stress,0.017397113
2021-10-19,R06_Yield Curve,0.07736635
2021-10-19,R07_Rate Bets,0.06553525
2021-10-19,R08_Tech Alpha,0.02601251
2021-10-19,R09_Small Cap Health,0.055504918
2021-10-19,R10_Mid Cap Cycle,0.039617762
2021-10-19,R11_Value Rotation,0.04779607
2021-10-19,R12_Consumer Cycle,0.075959325
2021-10-19,R13_New/Old Economy,0.16534221
2021-10-19,R14_Defensive Rotation,0.043754697
2021-10-19,R15_Industrial Momentum,0.04239881
2021-10-19,R16_Commodity Infl Pulse,0.10710332
2021-10-19,R17_Global Risk,0.044839352
2021-10-19,R18_Industrial Cycle,0.076746225
2021-10-19,R19_Semiconductor Cycle,0.06846714
2021-10-19,R20_Real Estate vs Rates,0.07604658
2021-10-26,R01_Risk Sentiment,0.11092341
2021-10-26,R02_Real Rates Hedge,0.061656088
2021-10-26,R03_Safe Haven Pivot,0.056162417
2021-10-26,R04_Currency War,0.045594215
2021-10-26,R05_Credit Stress,0.014004886
2021-10-26,R06_Yield Curve,0.058275133
2021-10-26,R07_Rate Bets,0.07017267
2021-10-26,R08_Tech Alpha,0.027393341
2021-10-26,R09_Small Cap Health,0.050470233
2021-10-26,R10_Mid Cap Cycle,0.035186887
2021-10-26,R11_Value Rotation,0.04214169
2021-10-26,R12_Consumer Cycle,0.07694003
2021-10-26,R13_New/Old Economy,0.124592304
2021-10-26,R14_Defensive Rotation,0.035104156
2021-10-26,R15_Industrial Momentum,0.05303788
2021-10-26,R16_Commodity Infl Pulse,0.09620342
2021-10-26,R17_Global Risk,0.04495111
2021-10-26,R18_Industrial Cycle,0.092036605
2021-10-26,R19_Semiconductor Cycle,0.06827283
2021-10-26,R20_Real Estate vs Rates,0.07801709
2021-11-02,R01_Risk Sentiment,0.097826004
2021-11-02,R02_Real Rates Hedge,0.06007734
2021-11-02,R03_Safe Haven Pivot,0.07201642
2021-11-02,R04_Currency War,0.045611978
2021-11-02,R05_Credit Stress,0.015226744
2021-11-02,R06_Yield Curve,0.046551824
2021-11-02,R07_Rate Bets,0.057583585
2021-11-02,R08_Tech Alpha,0.03007467
2021-11-02,R09_Small Cap Health,0.055794656
2021-11-02,R10_Mid Cap Cycle,0.036652945
2021-11-02,R11_Value Rotation,0.04022558
2021-11-02,R12_Consumer Cycle,0.08116904
2021-11-02,R13_New/Old Economy,0.12560105
2021-11-02,R14_Defensive Rotation,0.0351187
2021-11-02,R15_Industrial Momentum,0.042996883
2021-11-02,R16_Commodity Infl Pulse,0.08940339
2021-11-02,R17_Global Risk,0.055367738
2021-11-02,R18_Industrial Cycle,0.07741749
2021-11-02,R19_Semiconductor Cycle,0.076539695
2021-11-02,R20_Real Estate vs Rates,0.06774753
2021-11-09,R01_Risk Sentiment,0.07661474
2021-11-09,R02_Real Rates Hedge,0.04772654
2021-11-09,R03_Safe Haven Pivot,0.061761856
2021-11-09,R04_Currency War,0.034791708
2021-11-09,R05_Credit Stress,0.013190441
2021-11-09,R06_Yield Curve,0.046994925
2021-11-09,R07_Rate Bets,0.055844933
2021-11-09,R08_Tech Alpha,0.026607364
2021-11-09,R09_Small Cap Health,0.05075407
2021-11-09,R10_Mid Cap Cycle,0.040524267
2021-11-09,R11_Value Rotation,0.04331664
2021-11-09,R12_Consumer Cycle,0.07252067
2021-11-09,R13_New/Old Economy,0.15100312
2021-11-09,R14_Defensive Rotation,0.052052498
2021-11-09,R15_Industrial Momentum,0.05313158
2021-11-09,R16_Commodity Infl Pulse,0.10547757
2021-11-09,R17_Global Risk,0.04788491
2021-11-09,R18_Industrial Cycle,0.07737732
2021-11-09,R19_Semiconductor Cycle,0.07587153
2021-11-09,R20_Real Estate vs Rates,0.07973142
2021-11-16,R01_Risk Sentiment,0.083894014
2021-11-16,R02_Real Rates Hedge,0.07496059
2021-11-16,R03_Safe Haven Pivot,0.05707413
2021-11-16,R04_Currency War,0.057047844
2021-11-16,R05_Credit Stress,0.01743327
2021-11-16,R06_Yield Curve,0.06641343
2021-11-16,R07_Rate Bets,0.06617294
2021-11-16,R08_Tech Alpha,0.03221225
2021-11-16,R09_Small Cap Health,0.05556196
2021-11-16,R10_Mid Cap Cycle,0.039531864
2021-11-16,R11_Value Rotation,0.040087186
2021-11-16,R12_Consumer Cycle,0.07491216
2021-11-16,R13_New/Old Economy,0.09358621
2021-11-16,R14_Defensive Rotation,0.04340458
2021-11-16,R15_Industrial Momentum,0.042542458
2021-11-16,R16_Commodity Infl Pulse,0.08234185
2021-11-16,R17_Global Risk,0.042483956
2021-11-16,R18_Industrial Cycle,0.07733595
2021-11-16,R19_Semiconductor Cycle,0.07562232
2021-11-16,R20_Real Estate vs Rates,0.059768755
2021-11-23,R01_Risk Sentiment,0.07752764
2021-11-23,R02_Real Rates Hedge,0.07712826
2021-11-23,R03_Safe Haven Pivot,0.083168745
2021-11-23,R04_Currency War,0.057056904
2021-11-23,R05_Credit Stress,0.011861466
2021-11-23,R06_Yield Curve,0.043046683
2021-11-23,R07_Rate Bets,0.06323303
2021-11-23,R08_Tech Alpha,0.042062446
2021-11-23,R09_Small Cap Health,0.0763123
2021-11-23,R10_Mid Cap Cycle,0.032136336
2021-11-23,R11_Value Rotation,0.05771444
2021-11-23,R12_Consumer Cycle,0.08321017
2021-11-23,R13_New/Old Economy,0.12800324
2021-11-23,R14_Defensive Rotation,0.04342985
2021-11-23,R15_Industrial Momentum,0.053233147
2021-11-23,R16_Commodity Infl Pulse,0.09880984
2021-11-23,R17_Global Risk,0.047914356
2021-11-23,R18_Industrial Cycle,0.09182739
2021-11-23,R19_Semiconductor Cycle,0.11808461
2021-11-23,R20_Real Estate vs Rates,0.059181605
2021-12-01,R01_Risk Sentiment,0.12072253
2021-12-01,R02_Real Rates Hedge,0.090421826
2021-12-01,R03_Safe Haven Pivot,0.06785351
2021-12-01,R04_Currency War,0.045651555
2021-12-01,R05_Credit Stress,0.016616203
2021-12-01,R06_Yield Curve,0.062339544
2021-12-01,R07_Rate Bets,0.07493578
2021-12-01,R08_Tech Alpha,0.052865103
2021-12-01,R09_Small Cap Health,0.08649129
2021-12-01,R10_Mid Cap Cycle,0.049827494
2021-12-01,R11_Value Rotation,0.061848953
2021-12-01,R12_Consumer Cycle,0.071962625
2021-12-01,R13_New/Old Economy,0.111195326
2021-12-01,R14_Defensive Rotation,0.05215013
2021-12-01,R15_Industrial Momentum,0.05382383
2021-12-01,R16_Commodity Infl Pulse,0.09525338
2021-12-01,R17_Global Risk,0.042372763
2021-12-01,R18_Industrial Cycle,0.07648158
2021-12-01,R19_Semiconductor Cycle,0.08346486
2021-12-01,R20_Real Estate vs Rates,0.07599315
2021-12-08,R01_Risk Sentiment,0.14862728
2021-12-08,R02_Real Rates Hedge,0.073966235
2021-12-08,R03_Safe Haven Pivot,0.06259364
2021-12-08,R04_Currency War,0.0570724
2021-12-08,R05_Credit Stress,0.01567477
2021-12-08,R06_Yield Curve,0.05447012
2021-12-08,R07_Rate Bets,0.0737818
2021-12-08,R08_Tech Alpha,0.045244373
2021-12-08,R09_Small Cap Health,0.07595348
2021-12-08,R10_Mid Cap Cycle,0.046138257
2021-12-08,R11_Value Rotation,0.048775405
2021-12-08,R12_Consumer Cycle,0.0854401
2021-12-08,R13_New/Old Economy,0.12889028
2021-12-08,R14_Defensive Rotation,0.04349172
2021-12-08,R15_Industrial Momentum,0.043744206
2021-12-08,R16_Commodity Infl Pulse,0.0918574
2021-12-08,R17_Global Risk,0.045012385
2021-12-08,R18_Industrial Cycle,0.076453924
2021-12-08,R19_Semiconductor Cycle,0.10020757
2021-12-08,R20_Real Estate vs Rates,0.11237472
2021-12-15,R01_Risk Sentiment,0.121151686
2021-12-15,R02_Real Rates Hedge,0.076174036
2021-12-15,R03_Safe Haven Pivot,0.062805235
2021-12-15,R04_Currency War,0.04623568
2021-12-15,R05_Credit Stress,0.017822064
2021-12-15,R06_Yield Curve,0.06272316
2021-12-15,R07_Rate Bets,0.07147171
2021-12-15,R08_Tech Alpha,0.045878515
2021-12-15,R09_Small Cap Health,0.07656914
2021-12-15,R10_Mid Cap Cycle,0.04899545
2021-12-15,R11_Value Rotation,0.058552526
2021-12-15,R12_Consumer Cycle,0.099558264
2021-12-15,R13_New/Old Economy,0.11318779
2021-12-15,R14_Defensive Rotation,0.04395926
2021-12-15,R15_Industrial Momentum,0.04272008
2021-12-15,R16_Commodity Infl Pulse,0.096007794
2021-12-15,R17_Global Risk,0.036959976
2021-12-15,R18_Industrial Cycle,0.06114459
2021-12-15,R19_Semiconductor Cycle,0.07540256
2021-12-15,R20_Real Estate vs Rates,0.0677827
2021-12-22,R01_Risk Sentiment,0.12794137
2021-12-22,R02_Real Rates Hedge,0.07094574
2021-12-22,R03_Safe Haven Pivot,0.06327015
2021-12-22,R04_Currency War,0.057085752
2021-12-22,R05_Credit Stress,0.021629438
2021-12-22,R06_Yield Curve,0.07042441
2021-12-22,R07_Rate Bets,0.07207168
2021-12-22,R08_Tech Alpha,0.040112615
2021-12-22,R09_Small Cap Health,0.07136005
2021-12-22,R10_Mid Cap Cycle,0.049417656
2021-12-22,R11_Value Rotation,0.05476792
2021-12-22,R12_Consumer Cycle,0.1142613
2021-12-22,R13_New/Old Economy,0.1479572
2021-12-22,R14_Defensive Rotation,0.069675684
2021-12-22,R15_Industrial Momentum,0.0427624
2021-12-22,R16_Commodity Infl Pulse,0.09261048
2021-12-22,R17_Global Risk,0.04489994
2021-12-22,R18_Industrial Cycle,0.07639933
2021-12-22,R19_Semiconductor Cycle,0.08339518
2021-12-22,R20_Real Estate vs Rates,0.06269552
2021-12-30,R01_Risk Sentiment,0.0937835
2021-12-30,R02_Real Rates Hedge,0.07651226
2021-12-30,R03_Safe Haven Pivot,0.05821085
2021-12-30,R04_Currency War,0.034824967
2021-12-30,R05_Credit Stress,0.018762209
2021-12-30,R06_Yield Curve,0.066617966
2021-12-30,R07_Rate Bets,0.052349396
2021-12-30,R08_Tech Alpha,0.035352156
2021-12-30,R09_Small Cap Health,0.07629734
2021-12-30,R10_Mid Cap Cycle,0.04028923
2021-12-30,R11_Value Rotation,0.048348032
2021-12-30,R12_Consumer Cycle,0.10267109
2021-12-30,R13_New/Old Economy,0.096544385
2021-12-30,R14_Defensive Rotation,0.035293102
2021-12-30,R15_Industrial Momentum,0.05350697
2021-12-30,R16_Commodity Infl Pulse,0.09322053
2021-12-30,R17_Global Risk,0.053018987
2021-12-30,R18_Industrial Cycle,0.076364994
2021-12-30,R19_Semiconductor Cycle,0.0905211
2021-12-30,R20_Real Estate vs Rates,0.09090555
2022-01-06,R01_Risk Sentiment,0.086226106
2022-01-06,R02_Real Rates Hedge,0.0657666
2022-01-06,R03_Safe Haven Pivot,0.06896496
2022-01-06,R04_Currency War,0.05709684
2022-01-06,R05_Credit Stress,0.019066416
2022-01-06,R06_Yield Curve,0.05887851
2022-01-06,R07_Rate Bets,0.07049923
2022-01-06,R08_Tech Alpha,0.044542134
2022-01-06,R09_Small Cap Health,0.06138611
2022-01-06,R10_Mid Cap Cycle,0.03933587
2022-01-06,R11_Value Rotation,0.064549565
2022-01-06,R12_Consumer Cycle,0.11289245
2022-01-06,R13_New/Old Economy,0.19228876
2022-01-06,R14_Defensive Rotation,0.061041713
2022-01-06,R15_Industrial Momentum,0.06426442
2022-01-06,R16_Commodity Infl Pulse,0.106466055
2022-01-06,R17_Global Risk,0.045294553
2022-01-06,R18_Industrial Cycle,0.061068535
2022-01-06,R19_Semiconductor Cycle,0.10704559
2022-01-06,R20_Real Estate vs Rates,0.08407078
2022-01-13,R01_Risk Sentiment,0.07215166
2022-01-13,R02_Real Rates Hedge,0.06036696
2022-01-13,R03_Safe Haven Pivot,0.058582783
2022-01-13,R04_Currency War,0.057101488
2022-01-13,R05_Credit Stress,0.014424995
2022-01-13,R06_Yield Curve,0.0587416
2022-01-13,R07_Rate Bets,0.07418758
2022-01-13,R08_Tech Alpha,0.041493967
2022-01-13,R09_Small Cap Health,0.061483383
2022-01-13,R10_Mid Cap Cycle,0.04206516
2022-01-13,R11_Value Rotation,0.04625652
2022-01-13,R12_Consumer Cycle,0.08653396
2022-01-13,R13_New/Old Economy,0.15881908
2022-01-13,R14_Defensive Rotation,0.044068575
2022-01-13,R15_Industrial Momentum,0.04287505
2022-01-13,R16_Commodity Infl Pulse,0.11928475
2022-01-13,R17_Global Risk,0.045227855
2022-01-13,R18_Industrial Cycle,0.0763154
2022-01-13,R19_Semiconductor Cycle,0.107123196
2022-01-13,R20_Real Estate vs Rates,0.07103648
2022-01-21,R01_Risk Sentiment,0.12243235
2022-01-21,R02_Real Rates Hedge,0.08488166
2022-01-21,R03_Safe Haven Pivot,0.10688645
2022-01-21,R04_Currency War,0.046258688
2022-01-21,R05_Credit Stress,0.017778702
2022-01-21,R06_Yield Curve,0.047029585
2022-01-21,R07_Rate Bets,0.08362827
2022-01-21,R08_Tech Alpha,0.03695561
2022-01-21,R09_Small Cap Health,0.087397814
2022-01-21,R10_Mid Cap Cycle,0.04334788
2022-01-21,R11_Value Rotation,0.050397746
2022-01-21,R12_Consumer Cycle,0.11129676
2022-01-21,R13_New/Old Economy,0.15846086
2022-01-21,R14_Defensive Rotation,0.043661237
2022-01-21,R15_Industrial Momentum,0.05363357
2022-01-21,R16_Commodity Infl Pulse,0.11138275
2022-01-21,R17_Global Risk,0.045276403
2022-01-21,R18_Industrial Cycle,0.07704091
2022-01-21,R19_Semiconductor Cycle,0.106392324
2022-01-21,R20_Real Estate vs Rates,0.08207172
2022-01-28,R01_Risk Sentiment,0.13791108
2022-01-28,R02_Real Rates Hedge,0.07006997
2022-01-28,R03_Safe Haven Pivot,0.112713575
2022-01-28,R04_Currency War,0.09138036
2022-01-28,R05_Credit Stress,0.017123118
2022-01-28,R06_Yield Curve,0.055103183
2022-01-28,R07_Rate Bets,0.08458814
2022-01-28,R08_Tech Alpha,0.04441148
2022-01-28,R09_Small Cap Health,0.07679951
2022-01-28,R10_Mid Cap Cycle,0.044643972
2022-01-28,R11_Value Rotation,0.06394329
2022-01-28,R12_Consumer Cycle,0.11622612
2022-01-28,R13_New/Old Economy,0.15091437
2022-01-28,R14_Defensive Rotation,0.04368472
2022-01-28,R15_Industrial Momentum,0.032737494
2022-01-28,R16_Commodity Infl Pulse,0.12473889
2022-01-28,R17_Global Risk,0.04813099
2022-01-28,R18_Industrial Cycle,0.091486216
2022-01-28,R19_Semiconductor Cycle,0.11383557
2022-01-28,R20_Real Estate vs Rates,0.08880776
2022-02-04,R01_Risk Sentiment,0.08762145
2022-02-04,R02_Real Rates Hedge,0.078086466
2022-02-04,R03_Safe Haven Pivot,0.1018005
2022-02-04,R04_Currency War,0.069114566
2022-02-04,R05_Credit Stress,0.01661247
2022-02-04,R06_Yield Curve,0.04709044
2022-02-04,R07_Rate Bets,0.06950082
2022-02-04,R08_Tech Alpha,0.0637034
2022-02-04,R09_Small Cap Health,0.0672012
2022-02-04,R10_Mid Cap Cycle,0.04046623
2022-02-04,R11_Value Rotation,0.059654973
2022-02-04,R12_Consumer Cycle,0.108614
2022-02-04,R13_New/Old Economy,0.15963459
2022-02-04,R14_Defensive Rotation,0.05245149
2022-02-04,R15_Industrial Momentum,0.05424559
2022-02-04,R16_Commodity Infl Pulse,0.12416421
2022-02-04,R17_Global Risk,0.05057156
2022-02-04,R18_Industrial Cycle,0.076208115
2022-02-04,R19_Semiconductor Cycle,0.08962476
2022-02-04,R20_Real Estate vs Rates,0.058232605
2022-02-11,R01_Risk Sentiment,0.072680354
2022-02-11,R02_Real Rates Hedge,0.07299277
2022-02-11,R03_Safe Haven Pivot,0.08602357
2022-02-11,R04_Currency War,0.057136655
2022-02-11,R05_Credit Stress,0.015594736
2022-02-11,R06_Yield Curve,0.055114508
2022-02-11,R07_Rate Bets,0.07642494
2022-02-11,R08_Tech Alpha,0.04504335
2022-02-11,R09_Small Cap Health,0.06191969
2022-02-11,R10_Mid Cap Cycle,0.040181376
2022-02-11,R11_Value Rotation,0.044672217
2022-02-11,R12_Consumer Cycle,0.09203707
2022-02-11,R13_New/Old Economy,0.1426068
2022-02-11,R14_Defensive Rotation,0.034983397
2022-02-11,R15_Industrial Momentum,0.053751588
2022-02-11,R16_Commodity Infl Pulse,0.13734637
2022-02-11,R17_Global Risk,0.048050106
2022-02-11,R18_Industrial Cycle,0.0761683
2022-02-11,R19_Semiconductor Cycle,0.08896428
2022-02-11,R20_Real Estate vs Rates,0.06011226
2022-02-18,R01_Risk Sentiment,0.10938966
2022-02-18,R02_Real Rates Hedge,0.09225929
2022-02-18,R03_Safe Haven Pivot,0.11305058
2022-02-18,R04_Currency War,0.04629326
2022-02-18,R05_Credit Stress,0.019830938
2022-02-18,R06_Yield Curve,0.059008837
2022-02-18,R07_Rate Bets,0.073429585
2022-02-18,R08_Tech Alpha,0.043462977
2022-02-18,R09_Small Cap Health,0.062256396
2022-02-18,R10_Mid Cap Cycle,0.03871704
2022-02-18,R11_Value Rotation,0.051262014
2022-02-18,R12_Consumer Cycle,0.12124519
2022-02-18,R13_New/Old Economy,0.18662965
2022-02-18,R14_Defensive Rotation,0.034999013
2022-02-18,R15_Industrial Momentum,0.054327488
2022-02-18,R16_Commodity Infl Pulse,0.13283598
2022-02-18,R17_Global Risk,0.050576895
2022-02-18,R18_Industrial Cycle,0.09211612
2022-02-18,R19_Semiconductor Cycle,0.10483843
2022-02-18,R20_Real Estate vs Rates,0.0835956
2022-02-28,R01_Risk Sentiment,0.09544551
2022-02-28,R02_Real Rates Hedge,0.08335447
2022-02-28,R03_Safe Haven Pivot,0.13981783
2022-02-28,R04_Currency War,0.08003914
2022-02-28,R05_Credit Stress,0.01838826
2022-02-28,R06_Yield Curve,0.062903136
2022-02-28,R07_Rate Bets,0.07487941
2022-02-28,R08_Tech Alpha,0.035979614
2022-02-28,R09_Small Cap Health,0.06696844
2022-02-28,R10_Mid Cap Cycle,0.048958994
2022-02-28,R11_Value Rotation,0.0463436
2022-02-28,R12_Consumer Cycle,0.11434144
2022-02-28,R13_New/Old Economy,0.16015297
2022-02-28,R14_Defensive Rotation,0.052515626
2022-02-28,R15_Industrial Momentum,0.05382657
2022-02-28,R16_Commodity Infl Pulse,0.11651854
2022-02-28,R17_Global Risk,0.053524673
2022-02-28,R18_Industrial Cycle,0.0760839
2022-02-28,R19_Semiconductor Cycle,0.08886671
2022-02-28,R20_Real Estate vs Rates,0.08285257
2022-03-07,R01_Risk Sentiment,0.117756605
2022-03-07,R02_Real Rates Hedge,0.08218974
2022-03-07,R03_Safe Haven Pivot,0.12955546
2022-03-07,R04_Currency War,0.0812
2022-03-07,R05_Credit Stress,0.026244972
2022-03-07,R06_Yield Curve,0.058754683
2022-03-07,R07_Rate Bets,0.11305974
2022-03-07,R08_Tech Alpha,0.05200112
2022-03-07,R09_Small Cap Health,0.052089512
2022-03-07,R10_Mid Cap Cycle,0.050429925
2022-03-07,R11_Value Rotation,0.041328013
2022-03-07,R12_Consumer Cycle,0.09325425
2022-03-07,R13_New/Old Economy,0.2582618
2022-03-07,R14_Defensive Rotation,0.061279893
2022-03-07,R15_Industrial Momentum,0.06462717
2022-03-07,R16_Commodity Infl Pulse,0.14563441
2022-03-07,R17_Global Risk,0.037428886
2022-03-07,R18_Industrial Cycle,0.09124231
2022-03-07,R19_Semiconductor Cycle,0.09624773
2022-03-07,R20_Real Estate vs Rates,0.082218766
2022-03-14,R01_Risk Sentiment,0.096520185
2022-03-14,R02_Real Rates Hedge,0.096559465
2022-03-14,R03_Safe Haven Pivot,0.18350995
2022-03-14,R04_Currency War,0.08119142
2022-03-14,R05_Credit Stress,0.023521371
2022-03-14,R06_Yield Curve,0.05886823
2022-03-14,R07_Rate Bets,0.11977
2022-03-14,R08_Tech Alpha,0.053979203
2022-03-14,R09_Small Cap Health,0.06220472
2022-03-14,R10_Mid Cap Cycle,0.039765954
2022-03-14,R11_Value Rotation,0.048655838
2022-03-14,R12_Consumer Cycle,0.10726729
2022-03-14,R13_New/Old Economy,0.25803387
2022-03-14,R14_Defensive Rotation,0.05297184
2022-03-14,R15_Industrial Momentum,0.04364121
2022-03-14,R16_Commodity Infl Pulse,0.22331293
2022-03-14,R17_Global Risk,0.061484188
2022-03-14,R18_Industrial Cycle,0.07596922
2022-03-14,R19_Semiconductor Cycle,0.095999
2022-03-14,R20_Real Estate vs Rates,0.05923219
2022-03-21,R01_Risk Sentiment,0.09669137
2022-03-21,R02_Real Rates Hedge,0.09008363
2022-03-21,R03_Safe Haven Pivot,0.15734357
2022-03-21,R04_Currency War,0.08002317
2022-03-21,R05_Credit Stress,0.021984965
2022-03-21,R06_Yield Curve,0.06631014
2022-03-21,R07_Rate Bets,0.093059026
2022-03-21,R08_Tech Alpha,0.045119554
2022-03-21,R09_Small Cap Health,0.05166185
2022-03-21,R10_Mid Cap Cycle,0.040555082
2022-03-21,R11_Value Rotation,0.04743241
2022-03-21,R12_Consumer Cycle,0.10606615
2022-03-21,R13_New/Old Economy,0.18603289
2022-03-21,R14_Defensive Rotation,0.05255401
2022-03-21,R15_Industrial Momentum,0.054431915
2022-03-21,R16_Commodity Infl Pulse,0.14543203
2022-03-21,R17_Global Risk,0.07233417
2022-03-21,R18_Industrial Cycle,0.07589102
2022-03-21,R19_Semiconductor Cycle,0.10373443
2022-03-21,R20_Real Estate vs Rates,0.08370699
2022-03-28,R01_Risk Sentiment,0.10484278
2022-03-28,R02_Real Rates Hedge,0.1033124
2022-03-28,R03_Safe Haven Pivot,0.103404045
2022-03-28,R04_Currency War,0.080578685
2022-03-28,R05_Credit Stress,0.023254976
2022-03-28,R06_Yield Curve,0.085579604
2022-03-28,R07_Rate Bets,0.09694092
2022-03-28,R08_Tech Alpha,0.04104674
2022-03-28,R09_Small Cap Health,0.057337344
2022-03-28,R10_Mid Cap Cycle,0.04593131
2022-03-28,R11_Value Rotation,0.045473948
2022-03-28,R12_Consumer Cycle,0.09117827
2022-03-28,R13_New/Old Economy,0.18643326
2022-03-28,R14_Defensive Rotation,0.05259931
2022-03-28,R15_Industrial Momentum,0.03287983
2022-03-28,R16_Commodity Infl Pulse,0.14790425
2022-03-28,R17_Global Risk,0.051093817
2022-03-28,R18_Industrial Cycle,0.06063032
2022-03-28,R19_Semiconductor Cycle,0.10344374
2022-03-28,R20_Real Estate vs Rates,0.0915284
2022-04-04,R01_Risk Sentiment,0.12108219
2022-04-04,R02_Real Rates Hedge,0.086242646
2022-04-04,R03_Safe Haven Pivot,0.1149655
2022-04-04,R04_Currency War,0.057168126
2022-04-04,R05_Credit Stress,0.02363865
2022-04-04,R06_Yield Curve,0.06212184
2022-04-04,R07_Rate Bets,0.10134006
2022-04-04,R08_Tech Alpha,0.049435794
2022-04-04,R09_Small Cap Health,0.061950386
2022-04-04,R10_Mid Cap Cycle,0.038077585
2022-04-04,R11_Value Rotation,0.050036788
2022-04-04,R12_Consumer Cycle,0.096964285
2022-04-04,R13_New/Old Economy,0.20384091
2022-04-04,R14_Defensive Rotation,0.04387796
2022-04-04,R15_Industrial Momentum,0.04365635
2022-04-04,R16_Commodity Infl Pulse,0.1271109
2022-04-04,R17_Global Risk,0.05378279
2022-04-04,R18_Industrial Cycle,0.062018156
2022-04-04,R19_Semiconductor Cycle,0.11149198
2022-04-04,R20_Real Estate vs Rates,0.093212724
2022-04-11,R01_Risk Sentiment,0.09891641
2022-04-11,R02_Real Rates Hedge,0.10410783
2022-04-11,R03_Safe Haven Pivot,0.10461283
2022-04-11,R04_Currency War,0.057165265
2022-04-11,R05_Credit Stress,0.022679389
2022-04-11,R06_Yield Curve,0.06654644
2022-04-11,R07_Rate Bets,0.1004386
2022-04-11,R08_Tech Alpha,0.059507042
2022-04-11,R09_Small Cap Health,0.06737101
2022-04-11,R10_Mid Cap Cycle,0.044995353
2022-04-11,R11_Value Rotation,0.05150126
2022-04-11,R12_Consumer Cycle,0.1186429
2022-04-11,R13_New/Old Economy,0.19352561
2022-04-11,R14_Defensive Rotation,0.088246465
2022-04-11,R15_Industrial Momentum,0.05390942
2022-04-11,R16_Commodity Infl Pulse,0.13760245
2022-04-11,R17_Global Risk,0.05399862
2022-04-11,R18_Industrial Cycle,0.06040311
2022-04-11,R19_Semiconductor Cycle,0.14259446
2022-04-11,R20_Real Estate vs Rates,0.08700824
2022-04-19,R01_Risk Sentiment,0.09208202
2022-04-19,R02_Real Rates Hedge,0.10824883
2022-04-19,R03_Safe Haven Pivot,0.099604905
2022-04-19,R04_Currency War,0.057160616
2022-04-19,R05_Credit Stress,0.027943213
2022-04-19,R06_Yield Curve,0.08105847
2022-04-19,R07_Rate Bets,0.092731714
2022-04-19,R08_Tech Alpha,0.058176294
2022-04-19,R09_Small Cap Health,0.0515967
2022-04-19,R10_Mid Cap Cycle,0.035286777
2022-04-19,R11_Value Rotation,0.050616257
2022-04-19,R12_Consumer Cycle,0.095089555
2022-04-19,R13_New/Old Economy,0.19239515
2022-04-19,R14_Defensive Rotation,0.07029843
2022-04-19,R15_Industrial Momentum,0.05391121
2022-04-19,R16_Commodity Infl Pulse,0.12531689
2022-04-19,R17_Global Risk,0.04600188
2022-04-19,R18_Industrial Cycle,0.07537079
2022-04-19,R19_Semiconductor Cycle,0.09491432
2022-04-19,R20_Real Estate vs Rates,0.06831458
2022-04-26,R01_Risk Sentiment,0.10852802
2022-04-26,R02_Real Rates Hedge,0.14803523
2022-04-26,R03_Safe Haven Pivot,0.12786454
2022-04-26,R04_Currency War,0.06857896
2022-04-26,R05_Credit Stress,0.026566993
2022-04-26,R06_Yield Curve,0.07301697
2022-04-26,R07_Rate Bets,0.06883992
2022-04-26,R08_Tech Alpha,0.05164224
2022-04-26,R09_Small Cap Health,0.051571786
2022-04-26,R10_Mid Cap Cycle,0.037078418
2022-04-26,R11_Value Rotation,0.04911465
2022-04-26,R12_Consumer Cycle,0.097895026
2022-04-26,R13_New/Old Economy,0.14907771
2022-04-26,R14_Defensive Rotation,0.052759767
2022-04-26,R15_Industrial Momentum,0.053903818
2022-04-26,R16_Commodity Infl Pulse,0.12018655
2022-04-26,R17_Global Risk,0.05165878
2022-04-26,R18_Industrial Cycle,0.06020093
2022-04-26,R19_Semiconductor Cycle,0.087262034
2022-04-26,R20_Real Estate vs Rates,0.107826374
2022-05-03,R01_Risk Sentiment,0.108890176
2022-05-03,R02_Real Rates Hedge,0.10661304
2022-05-03,R03_Safe Haven Pivot,0.11222345
2022-05-03,R04_Currency War,0.06854975
2022-05-03,R05_Credit Stress,0.029493608
2022-05-03,R06_Yield Curve,0.076259255
2022-05-03,R07_Rate Bets,0.07005972
2022-05-03,R08_Tech Alpha,0.050557435
2022-05-03,R09_Small Cap Health,0.05695057
2022-05-03,R10_Mid Cap Cycle,0.0390158
2022-05-03,R11_Value Rotation,0.043732405
2022-05-03,R12_Consumer Cycle,0.10223149
2022-05-03,R13_New/Old Economy,0.13899028
2022-05-03,R14_Defensive Rotation,0.05280769
2022-05-03,R15_Industrial Momentum,0.043107748
2022-05-03,R16_Commodity Infl Pulse,0.12340159
2022-05-03,R17_Global Risk,0.046216935
2022-05-03,R18_Industrial Cycle,0.075142145
2022-05-03,R19_Semiconductor Cycle,0.1024971
2022-05-03,R20_Real Estate vs Rates,0.1475787
2022-05-10,R01_Risk Sentiment,0.10184777
2022-05-10,R02_Real Rates Hedge,0.13875538
2022-05-10,R03_Safe Haven Pivot,0.15279579
2022-05-10,R04_Currency War,0.046824217
2022-05-10,R05_Credit Stress,0.025769271
2022-05-10,R06_Yield Curve,0.083580434
2022-05-10,R07_Rate Bets,0.0893707
2022-05-10,R08_Tech Alpha,0.05660957
2022-05-10,R09_Small Cap Health,0.07239699
2022-05-10,R10_Mid Cap Cycle,0.045588143
2022-05-10,R11_Value Rotation,0.049190942
2022-05-10,R12_Consumer Cycle,0.102409974
2022-05-10,R13_New/Old Economy,0.18220472
2022-05-10,R14_Defensive Rotation,0.062107682
2022-05-10,R15_Industrial Momentum,0.053865433
2022-05-10,R16_Commodity Infl Pulse,0.15768038
2022-05-10,R17_Global Risk,0.04631439
2022-05-10,R18_Industrial Cycle,0.090789795
2022-05-10,R19_Semiconductor Cycle,0.110191464
2022-05-10,R20_Real Estate vs Rates,0.14063084
2022-05-17,R01_Risk Sentiment,0.1335069
2022-05-17,R02_Real Rates Hedge,0.11360523
2022-05-17,R03_Safe Haven Pivot,0.13535285
2022-05-17,R04_Currency War,0.079894304
2022-05-17,R05_Credit Stress,0.025348943
2022-05-17,R06_Yield Curve,0.08669162
2022-05-17,R07_Rate Bets,0.07166077
2022-05-17,R08_Tech Alpha,0.053129658
2022-05-17,R09_Small Cap Health,0.051803946
2022-05-17,R10_Mid Cap Cycle,0.035539508
2022-05-17,R11_Value Rotation,0.04423759
2022-05-17,R12_Consumer Cycle,0.10426889
2022-05-17,R13_New/Old Economy,0.1642943
2022-05-17,R14_Defensive Rotation,0.05288756
2022-05-17,R15_Industrial Momentum,0.043075323
2022-05-17,R16_Commodity Infl Pulse,0.16470012
2022-05-17,R17_Global Risk,0.04369691
2022-05-17,R18_Industrial Cycle,0.105657816
2022-05-17,R19_Semiconductor Cycle,0.09466982
2022-05-17,R20_Real Estate vs Rates,0.15774673
2022-05-24,R01_Risk Sentiment,0.11060226
2022-05-24,R02_Real Rates Hedge,0.12872466
2022-05-24,R03_Safe Haven Pivot,0.13639313
2022-05-24,R04_Currency War,0.05704558
2022-05-24,R05_Credit Stress,0.022625107
2022-05-24,R06_Yield Curve,0.07123703
2022-05-24,R07_Rate Bets,0.085273206
2022-05-24,R08_Tech Alpha,0.045891017
2022-05-24,R09_Small Cap Health,0.056699336
2022-05-24,R10_Mid Cap Cycle,0.034979865
2022-05-24,R11_Value Rotation,0.04732159
2022-05-24,R12_Consumer Cycle,0.10226971
2022-05-24,R13_New/Old Economy,0.16444603
2022-05-24,R14_Defensive Rotation,0.062167525
2022-05-24,R15_Industrial Momentum,0.04305184
2022-05-24,R16_Commodity Infl Pulse,0.124885224
2022-05-24,R17_Global Risk,0.054578424
2022-05-24,R18_Industrial Cycle,0.07558656
2022-05-24,R19_Semiconductor Cycle,0.101941586
2022-05-24,R20_Real Estate vs Rates,0.10968491
2022-06-01,R01_Risk Sentiment,0.11962116
2022-06-01,R02_Real Rates Hedge,0.109579414
2022-06-01,R03_Safe Haven Pivot,0.09695858
2022-06-01,R04_Currency War,0.06843829
2022-06-01,R05_Credit Stress,0.022816744
2022-06-01,R06_Yield Curve,0.06359315
2022-06-01,R07_Rate Bets,0.07751851
2022-06-01,R08_Tech Alpha,0.03621483
2022-06-01,R09_Small Cap Health,0.05153489
2022-06-01,R10_Mid Cap Cycle,0.040123947
2022-06-01,R11_Value Rotation,0.050162323
2022-06-01,R12_Consumer Cycle,0.09800184
2022-06-01,R13_New/Old Economy,0.12009108
2022-06-01,R14_Defensive Rotation,0.0533756
2022-06-01,R15_Industrial Momentum,0.043026924
2022-06-01,R16_Commodity Infl Pulse,0.14730924
2022-06-01,R17_Global Risk,0.052277744
2022-06-01,R18_Industrial Cycle,0.089711666
2022-06-01,R19_Semiconductor Cycle,0.08649254
2022-06-01,R20_Real Estate vs Rates,0.10364768
2022-06-08,R01_Risk Sentiment,0.11195183
2022-06-08,R02_Real Rates Hedge,0.101670325
2022-06-08,R03_Safe Haven Pivot,0.10813129
2022-06-08,R04_Currency War,0.079814196
2022-06-08,R05_Credit Stress,0.01845925
2022-06-08,R06_Yield Curve,0.059533864
2022-06-08,R07_Rate Bets,0.07625656
2022-06-08,R08_Tech Alpha,0.034950063
2022-06-08,R09_Small Cap Health,0.046650887
2022-06-08,R10_Mid Cap Cycle,0.034610406
2022-06-08,R11_Value Rotation,0.04766505
2022-06-08,R12_Consumer Cycle,0.09133513
2022-06-08,R13_New/Old Economy,0.12764269
2022-06-08,R14_Defensive Rotation,0.052958965
2022-06-08,R15_Industrial Momentum,0.04301071
2022-06-08,R16_Commodity Infl Pulse,0.13853845
2022-06-08,R17_Global Risk,0.041134477
2022-06-08,R18_Industrial Cycle,0.074697495
2022-06-08,R19_Semiconductor Cycle,0.093755364
2022-06-08,R20_Real Estate vs Rates,0.083715096
2022-06-15,R01_Risk Sentiment,0.104518294
2022-06-15,R02_Real Rates Hedge,0.1214599
2022-06-15,R03_Safe Haven Pivot,0.12668073
2022-06-15,R04_Currency War,0.079751134
2022-06-15,R05_Credit Stress,0.020273048
2022-06-15,R06_Yield Curve,0.07394685
2022-06-15,R07_Rate Bets,0.083554864
2022-06-15,R08_Tech Alpha,0.04121694
2022-06-15,R09_Small Cap Health,0.0515579
2022-06-15,R10_Mid Cap Cycle,0.031435683
2022-06-15,R11_Value Rotation,0.048977256
2022-06-15,R12_Consumer Cycle,0.10987863
2022-06-15,R13_New/Old Economy,0.12744528
2022-06-15,R14_Defensive Rotation,0.06180489
2022-06-15,R15_Industrial Momentum,0.032249093
2022-06-15,R16_Commodity Infl Pulse,0.095201045
2022-06-15,R17_Global Risk,0.07177237
2022-06-15,R18_Industrial Cycle,0.059723854
2022-06-15,R19_Semiconductor Cycle,0.11700511
2022-06-15,R20_Real Estate vs Rates,0.12886739
2022-06-23,R01_Risk Sentiment,0.12154186
2022-06-23,R02_Real Rates Hedge,0.1419976
2022-06-23,R03_Safe Haven Pivot,0.11544591
2022-06-23,R04_Currency War,0.07967138
2022-06-23,R05_Credit Stress,0.022098504
2022-06-23,R06_Yield Curve,0.062362254
2022-06-23,R07_Rate Bets,0.069274075
2022-06-23,R08_Tech Alpha,0.03785743
2022-06-23,R09_Small Cap Health,0.052106023
2022-06-23,R10_Mid Cap Cycle,0.041136436
2022-06-23,R11_Value Rotation,0.047809206
2022-06-23,R12_Consumer Cycle,0.10686536
2022-06-23,R13_New/Old Economy,0.1447159
2022-06-23,R14_Defensive Rotation,0.062239647
2022-06-23,R15_Industrial Momentum,0.042998552
2022-06-23,R16_Commodity Infl Pulse,0.18569179
2022-06-23,R17_Global Risk,0.05493617
2022-06-23,R18_Industrial Cycle,0.074609995
2022-06-23,R19_Semiconductor Cycle,0.1012938
2022-06-23,R20_Real Estate vs Rates,0.113131344
2022-06-30,R01_Risk Sentiment,0.15504861
2022-06-30,R02_Real Rates Hedge,0.11233351
2022-06-30,R03_Safe Haven Pivot,0.115749955
2022-06-30,R04_Currency War,0.0682255
2022-06-30,R05_Credit Stress,0.022062715
2022-06-30,R06_Yield Curve,0.066019595
2022-06-30,R07_Rate Bets,0.07357894
2022-06-30,R08_Tech Alpha,0.030082539
2022-06-30,R09_Small Cap Health,0.051606536
2022-06-30,R10_Mid Cap Cycle,0.035744295
2022-06-30,R11_Value Rotation,0.04066588
2022-06-30,R12_Consumer Cycle,0.11028283
2022-06-30,R13_New/Old Economy,0.1597377
2022-06-30,R14_Defensive Rotation,0.070601344
2022-06-30,R15_Industrial Momentum,0.06449318
2022-06-30,R16_Commodity Infl Pulse,0.20051366
2022-06-30,R17_Global Risk,0.046744913
2022-06-30,R18_Industrial Cycle,0.060397148
2022-06-30,R19_Semiconductor Cycle,0.13235319
2022-06-30,R20_Real Estate vs Rates,0.100868165
2022-07-08,R01_Risk Sentiment,0.106452584
2022-07-08,R02_Real Rates Hedge,0.11350855
2022-07-08,R03_Safe Haven Pivot,0.12701601
2022-07-08,R04_Currency War,0.080073
2022-07-08,R05_Credit Stress,0.024405677
2022-07-08,R06_Yield Curve,0.054597765
2022-07-08,R07_Rate Bets,0.074311234
2022-07-08,R08_Tech Alpha,0.04664001
2022-07-08,R09_Small Cap Health,0.05704367
2022-07-08,R10_Mid Cap Cycle,0.039998837
2022-07-08,R11_Value Rotation,0.0408786
2022-07-08,R12_Consumer Cycle,0.10213466
2022-07-08,R13_New/Old Economy,0.15074998
2022-07-08,R14_Defensive Rotation,0.062191844
2022-07-08,R15_Industrial Momentum,0.043524146
2022-07-08,R16_Commodity Infl Pulse,0.1825022
2022-07-08,R17_Global Risk,0.041573852
2022-07-08,R18_Industrial Cycle,0.09018445
2022-07-08,R19_Semiconductor Cycle,0.11013675
2022-07-08,R20_Real Estate vs Rates,0.085490696
2022-07-15,R01_Risk Sentiment,0.13158631
2022-07-15,R02_Real Rates Hedge,0.10732177
2022-07-15,R03_Safe Haven Pivot,0.099203944
2022-07-15,R04_Currency War,0.0793941
2022-07-15,R05_Credit Stress,0.018134475
2022-07-15,R06_Yield Curve,0.0510419
2022-07-15,R07_Rate Bets,0.07096831
2022-07-15,R08_Tech Alpha,0.031735748
2022-07-15,R09_Small Cap Health,0.052159965
2022-07-15,R10_Mid Cap Cycle,0.033540472
2022-07-15,R11_Value Rotation,0.046746608
2022-07-15,R12_Consumer Cycle,0.0894323
2022-07-15,R13_New/Old Economy,0.15973926
2022-07-15,R14_Defensive Rotation,0.07054806
2022-07-15,R15_Industrial Momentum,0.042979598
2022-07-15,R16_Commodity Infl Pulse,0.14099437
2022-07-15,R17_Global Risk,0.04701826
2022-07-15,R18_Industrial Cycle,0.089405775
2022-07-15,R19_Semiconductor Cycle,0.09374452
2022-07-15,R20_Real Estate vs Rates,0.09617805
2022-07-22,R01_Risk Sentiment,0.09104431
2022-07-22,R02_Real Rates Hedge,0.08844298
2022-07-22,R03_Safe Haven Pivot,0.08712983
2022-07-22,R04_Currency War,0.07985258
2022-07-22,R05_Credit Stress,0.023886412
2022-07-22,R06_Yield Curve,0.05021429
2022-07-22,R07_Rate Bets,0.090670876
2022-07-22,R08_Tech Alpha,0.039583877
2022-07-22,R09_Small Cap Health,0.046735287
2022-07-22,R10_Mid Cap Cycle,0.034468867
2022-07-22,R11_Value Rotation,0.04426021
2022-07-22,R12_Consumer Cycle,0.09688202
2022-07-22,R13_New/Old Economy,0.14159
2022-07-22,R14_Defensive Rotation,0.05334139
2022-07-22,R15_Industrial Momentum,0.053710222
2022-07-22,R16_Commodity Infl Pulse,0.13601053
2022-07-22,R17_Global Risk,0.044398934
2022-07-22,R18_Industrial Cycle,0.07448149
2022-07-22,R19_Semiconductor Cycle,0.13213515
2022-07-22,R20_Real Estate vs Rates,0.082955375
2022-07-29,R01_Risk Sentiment,0.12419951
2022-07-29,R02_Real Rates Hedge,0.08431965
2022-07-29,R03_Safe Haven Pivot,0.087453604
2022-07-29,R04_Currency War,0.07974172
2022-07-29,R05_Credit Stress,0.024462432
2022-07-29,R06_Yield Curve,0.05385369
2022-07-29,R07_Rate Bets,0.08835132
2022-07-29,R08_Tech Alpha,0.039846912
2022-07-29,R09_Small Cap Health,0.046729207
2022-07-29,R10_Mid Cap Cycle,0.033169426
2022-07-29,R11_Value Rotation,0.04987538
2022-07-29,R12_Consumer Cycle,0.08474902
2022-07-29,R13_New/Old Economy,0.1326778
2022-07-29,R14_Defensive Rotation,0.06170535
2022-07-29,R15_Industrial Momentum,0.053692937
2022-07-29,R16_Commodity Infl Pulse,0.1415076
2022-07-29,R17_Global Risk,0.04176721
2022-07-29,R18_Industrial Cycle,0.08936477
2022-07-29,R19_Semiconductor Cycle,0.10094571
2022-07-29,R20_Real Estate vs Rates,0.080034524
2022-08-05,R01_Risk Sentiment,0.10027504
2022-08-05,R02_Real Rates Hedge,0.09989089
2022-08-05,R03_Safe Haven Pivot,0.07000369
2022-08-05,R04_Currency War,0.07905865
2022-08-05,R05_Credit Stress,0.021127217
2022-08-05,R06_Yield Curve,0.050183505
2022-08-05,R07_Rate Bets,0.06856123
2022-08-05,R08_Tech Alpha,0.039926603
2022-08-05,R09_Small Cap Health,0.051636994
2022-08-05,R10_Mid Cap Cycle,0.039137535
2022-08-05,R11_Value Rotation,0.04918889
2022-08-05,R12_Consumer Cycle,0.092585176
2022-08-05,R13_New/Old Economy,0.1407556
2022-08-05,R14_Defensive Rotation,0.061716557
2022-08-05,R15_Industrial Momentum,0.042942166
2022-08-05,R16_Commodity Infl Pulse,0.14359678
2022-08-05,R17_Global Risk,0.05583936
2022-08-05,R18_Industrial Cycle,0.075217724
2022-08-05,R19_Semiconductor Cycle,0.085705996
2022-08-05,R20_Real Estate vs Rates,0.07537906
2022-08-12,R01_Risk Sentiment,0.10039449
2022-08-12,R02_Real Rates Hedge,0.090458214
2022-08-12,R03_Safe Haven Pivot,0.08204621
2022-08-12,R04_Currency War,0.07892299
2022-08-12,R05_Credit Stress,0.021038685
2022-08-12,R06_Yield Curve,0.059921652
2022-08-12,R07_Rate Bets,0.08292469
2022-08-12,R08_Tech Alpha,0.043833137
2022-08-12,R09_Small Cap Health,0.04672581
2022-08-12,R10_Mid Cap Cycle,0.035223484
2022-08-12,R11_Value Rotation,0.04836041
2022-08-12,R12_Consumer Cycle,0.08475441
2022-08-12,R13_New/Old Economy,0.13937229
2022-08-12,R14_Defensive Rotation,0.07055187
2022-08-12,R15_Industrial Momentum,0.04292977
2022-08-12,R16_Commodity Infl Pulse,0.11004296
2022-08-12,R17_Global Risk,0.042198747
2022-08-12,R18_Industrial Cycle,0.08940005
2022-08-12,R19_Semiconductor Cycle,0.10848665
2022-08-12,R20_Real Estate vs Rates,0.09128486
2022-08-19,R01_Risk Sentiment,0.101371884
2022-08-19,R02_Real Rates Hedge,0.09154719
2022-08-19,R03_Safe Haven Pivot,0.08276349
2022-08-19,R04_Currency War,0.09002948
2022-08-19,R05_Credit Stress,0.019903239
2022-08-19,R06_Yield Curve,0.05270171
2022-08-19,R07_Rate Bets,0.068318754
2022-08-19,R08_Tech Alpha,0.03891723
2022-08-19,R09_Small Cap Health,0.04723388
2022-08-19,R10_Mid Cap Cycle,0.029257461
2022-08-19,R11_Value Rotation,0.047494736
2022-08-19,R12_Consumer Cycle,0.080672234
2022-08-19,R13_New/Old Economy,0.13911968
2022-08-19,R14_Defensive Rotation,0.04410529
2022-08-19,R15_Industrial Momentum,0.042912364
2022-08-19,R16_Commodity Infl Pulse,0.15464173
2022-08-19,R17_Global Risk,0.03941402
2022-08-19,R18_Industrial Cycle,0.07529402
2022-08-19,R19_Semiconductor Cycle,0.09292781
2022-08-19,R20_Real Estate vs Rates,0.081780784
2022-08-26,R01_Risk Sentiment,0.08498514
2022-08-26,R02_Real Rates Hedge,0.091661334
2022-08-26,R03_Safe Haven Pivot,0.059467196
2022-08-26,R04_Currency War,0.078612685
2022-08-26,R05_Credit Stress,0.018161736
2022-08-26,R06_Yield Curve,0.059133857
2022-08-26,R07_Rate Bets,0.060249377
2022-08-26,R08_Tech Alpha,0.033825323
2022-08-26,R09_Small Cap Health,0.046471834
2022-08-26,R10_Mid Cap Cycle,0.03449437
2022-08-26,R11_Value Rotation,0.041257236
2022-08-26,R12_Consumer Cycle,0.08242898
2022-08-26,R13_New/Old Economy,0.11404246
2022-08-26,R14_Defensive Rotation,0.04410827
2022-08-26,R15_Industrial Momentum,0.042904973
2022-08-26,R16_Commodity Infl Pulse,0.14622149
2022-08-26,R17_Global Risk,0.03953415
2022-08-26,R18_Industrial Cycle,0.074629545
2022-08-26,R19_Semiconductor Cycle,0.11608958
2022-08-26,R20_Real Estate vs Rates,0.07725055
2022-09-02,R01_Risk Sentiment,0.11128783
2022-09-02,R02_Real Rates Hedge,0.09219584
2022-09-02,R03_Safe Haven Pivot,0.08347601
2022-09-02,R04_Currency War,0.067234516
2022-09-02,R05_Credit Stress,0.01649541
2022-09-02,R06_Yield Curve,0.05875957
2022-09-02,R07_Rate Bets,0.07321928
2022-09-02,R08_Tech Alpha,0.035306856
2022-09-02,R09_Small Cap Health,0.05189997
2022-09-02,R10_Mid Cap Cycle,0.03147597
2022-09-02,R11_Value Rotation,0.05004854
2022-09-02,R12_Consumer Cycle,0.08595518
2022-09-02,R13_New/Old Economy,0.13715547
2022-09-02,R14_Defensive Rotation,0.061752796
2022-09-02,R15_Industrial Momentum,0.04289508
2022-09-02,R16_Commodity Infl Pulse,0.12709408
2022-09-02,R17_Global Risk,0.06783697
2022-09-02,R18_Industrial Cycle,0.07472324
2022-09-02,R19_Semiconductor Cycle,0.13190591
2022-09-02,R20_Real Estate vs Rates,0.08896714
2022-09-12,R01_Risk Sentiment,0.10284412
2022-09-12,R02_Real Rates Hedge,0.08524981
2022-09-12,R03_Safe Haven Pivot,0.060525775
2022-09-12,R04_Currency War,0.05590582
2022-09-12,R05_Credit Stress,0.017061528
2022-09-12,R06_Yield Curve,0.06881504
2022-09-12,R07_Rate Bets,0.067391366
2022-09-12,R08_Tech Alpha,0.032850653
2022-09-12,R09_Small Cap Health,0.05189514
2022-09-12,R10_Mid Cap Cycle,0.023029394
2022-09-12,R11_Value Rotation,0.050664637
2022-09-12,R12_Consumer Cycle,0.068461284
2022-09-12,R13_New/Old Economy,0.12061119
2022-09-12,R14_Defensive Rotation,0.0621773
2022-09-12,R15_Industrial Momentum,0.04288256
2022-09-12,R16_Commodity Infl Pulse,0.122357205
2022-09-12,R17_Global Risk,0.053885788
2022-09-12,R18_Industrial Cycle,0.089779615
2022-09-12,R19_Semiconductor Cycle,0.13148677
2022-09-12,R20_Real Estate vs Rates,0.08608301
2022-09-19,R01_Risk Sentiment,0.1375953
2022-09-19,R02_Real Rates Hedge,0.08373162
2022-09-19,R03_Safe Haven Pivot,0.07211459
2022-09-19,R04_Currency War,0.0674932
2022-09-19,R05_Credit Stress,0.018201161
2022-09-19,R06_Yield Curve,0.06474957
2022-09-19,R07_Rate Bets,0.07669986
2022-09-19,R08_Tech Alpha,0.031835377
2022-09-19,R09_Small Cap Health,0.04645306
2022-09-19,R10_Mid Cap Cycle,0.030993968
2022-09-19,R11_Value Rotation,0.045101058
2022-09-19,R12_Consumer Cycle,0.07004017
2022-09-19,R13_New/Old Economy,0.14318085
2022-09-19,R14_Defensive Rotation,0.061708808
2022-09-19,R15_Industrial Momentum,0.054124475
2022-09-19,R16_Commodity Infl Pulse,0.11642171
2022-09-19,R17_Global Risk,0.04554066
2022-09-19,R18_Industrial Cycle,0.09061694
2022-09-19,R19_Semiconductor Cycle,0.09280276
2022-09-19,R20_Real Estate vs Rates,0.09480432
2022-09-26,R01_Risk Sentiment,0.120568514
2022-09-26,R02_Real Rates Hedge,0.078285605
2022-09-26,R03_Safe Haven Pivot,0.06667602
2022-09-26,R04_Currency War,0.122425675
2022-09-26,R05_Credit Stress,0.01762059
2022-09-26,R06_Yield Curve,0.054129377
2022-09-26,R07_Rate Bets,0.06735885
2022-09-26,R08_Tech Alpha,0.027897835
2022-09-26,R09_Small Cap Health,0.056762636
2022-09-26,R10_Mid Cap Cycle,0.03123936
2022-09-26,R11_Value Rotation,0.04495604
2022-09-26,R12_Consumer Cycle,0.09100679
2022-09-26,R13_New/Old Economy,0.12714595
2022-09-26,R14_Defensive Rotation,0.07049465
2022-09-26,R15_Industrial Momentum,0.032151103
2022-09-26,R16_Commodity Infl Pulse,0.1801866
2022-09-26,R17_Global Risk,0.048363715
2022-09-26,R18_Industrial Cycle,0.074952364
2022-09-26,R19_Semiconductor Cycle,0.07770002
2022-09-26,R20_Real Estate vs Rates,0.12934452
2022-10-03,R01_Risk Sentiment,0.13019323
2022-10-03,R02_Real Rates Hedge,0.0662362
2022-10-03,R03_Safe Haven Pivot,0.08498764
2022-10-03,R04_Currency War,0.088802814
2022-10-03,R05_Credit Stress,0.019918928
2022-10-03,R06_Yield Curve,0.07718839
2022-10-03,R07_Rate Bets,0.09118987
2022-10-03,R08_Tech Alpha,0.025436193
2022-10-03,R09_Small Cap Health,0.046445847
2022-10-03,R10_Mid Cap Cycle,0.032179505
2022-10-03,R11_Value Rotation,0.041464318
2022-10-03,R12_Consumer Cycle,0.08314673
2022-10-03,R13_New/Old Economy,0.13369823
2022-10-03,R14_Defensive Rotation,0.062089443
2022-10-03,R15_Industrial Momentum,0.042872667
2022-10-03,R16_Commodity Infl Pulse,0.12579536
2022-10-03,R17_Global Risk,0.045788586
2022-10-03,R18_Industrial Cycle,0.07502413
2022-10-03,R19_Semiconductor Cycle,0.09277201
2022-10-03,R20_Real Estate vs Rates,0.123190194
2022-10-10,R01_Risk Sentiment,0.122142315
2022-10-10,R02_Real Rates Hedge,0.08748871
2022-10-10,R03_Safe Haven Pivot,0.08464736
2022-10-10,R04_Currency War,0.088599205
2022-10-10,R05_Credit Stress,0.019302197
2022-10-10,R06_Yield Curve,0.06357223
2022-10-10,R07_Rate Bets,0.08104856
2022-10-10,R08_Tech Alpha,0.02552396
2022-10-10,R09_Small Cap Health,0.061902165
2022-10-10,R10_Mid Cap Cycle,0.0265048
2022-10-10,R11_Value Rotation,0.038979493
2022-10-10,R12_Consumer Cycle,0.08647639
2022-10-10,R13_New/Old Economy,0.10885239
2022-10-10,R14_Defensive Rotation,0.044450045
2022-10-10,R15_Industrial Momentum,0.032153606
2022-10-10,R16_Commodity Infl Pulse,0.18372115
2022-10-10,R17_Global Risk,0.040206403
2022-10-10,R18_Industrial Cycle,0.10655522
2022-10-10,R19_Semiconductor Cycle,0.11634433
2022-10-10,R20_Real Estate vs Rates,0.109000236
2022-10-17,R01_Risk Sentiment,0.10524249
2022-10-17,R02_Real Rates Hedge,0.10721749
2022-10-17,R03_Safe Haven Pivot,0.07912725
2022-10-17,R04_Currency War,0.078434825
2022-10-17,R05_Credit Stress,0.018239116
2022-10-17,R06_Yield Curve,0.06268415
2022-10-17,R07_Rate Bets,0.07260373
2022-10-17,R08_Tech Alpha,0.03254676
2022-10-17,R09_Small Cap Health,0.04692304
2022-10-17,R10_Mid Cap Cycle,0.036496393
2022-10-17,R11_Value Rotation,0.048885435
2022-10-17,R12_Consumer Cycle,0.10172334
2022-10-17,R13_New/Old Economy,0.1000953
2022-10-17,R14_Defensive Rotation,0.06156814
2022-10-17,R15_Industrial Momentum,0.04286337
2022-10-17,R16_Commodity Infl Pulse,0.13442774
2022-10-17,R17_Global Risk,0.05771184
2022-10-17,R18_Industrial Cycle,0.10510111
2022-10-17,R19_Semiconductor Cycle,0.131513
2022-10-17,R20_Real Estate vs Rates,0.10221414
2022-10-24,R01_Risk Sentiment,0.114081144
2022-10-24,R02_Real Rates Hedge,0.10530537
2022-10-24,R03_Safe Haven Pivot,0.06751287
2022-10-24,R04_Currency War,0.08815956
2022-10-24,R05_Credit Stress,0.015895553
2022-10-24,R06_Yield Curve,0.04920183
2022-10-24,R07_Rate Bets,0.07509573
2022-10-24,R08_Tech Alpha,0.031340033
2022-10-24,R09_Small Cap Health,0.051830232
2022-10-24,R10_Mid Cap Cycle,0.036581926
2022-10-24,R11_Value Rotation,0.041765742
2022-10-24,R12_Consumer Cycle,0.06279246
2022-10-24,R13_New/Old Economy,0.09949437
2022-10-24,R14_Defensive Rotation,0.06152594
2022-10-24,R15_Industrial Momentum,0.032143235
2022-10-24,R16_Commodity Infl Pulse,0.12954718
2022-10-24,R17_Global Risk,0.04352835
2022-10-24,R18_Industrial Cycle,0.120176315
2022-10-24,R19_Semiconductor Cycle,0.10841465
2022-10-24,R20_Real Estate vs Rates,0.10263918
2022-10-31,R01_Risk Sentiment,0.12346959
2022-10-31,R02_Real Rates Hedge,0.08710176
2022-10-31,R03_Safe Haven Pivot,0.07962555
2022-10-31,R04_Currency War,0.07751417
2022-10-31,R05_Credit Stress,0.014142662
2022-10-31,R06_Yield Curve,0.07123557
2022-10-31,R07_Rate Bets,0.063758045
2022-10-31,R08_Tech Alpha,0.037091553
2022-10-31,R09_Small Cap Health,0.046418667
2022-10-31,R10_Mid Cap Cycle,0.0387913
2022-10-31,R11_Value Rotation,0.04367263
2022-10-31,R12_Consumer Cycle,0.079522625
2022-10-31,R13_New/Old Economy,0.1743016
2022-10-31,R14_Defensive Rotation,0.052693605
2022-10-31,R15_Industrial Momentum,0.042847753
2022-10-31,R16_Commodity Infl Pulse,0.13573931
2022-10-31,R17_Global Risk,0.06390935
2022-10-31,R18_Industrial Cycle,0.09017134
2022-10-31,R19_Semiconductor Cycle,0.07829082
2022-10-31,R20_Real Estate vs Rates,0.093950406
2022-11-07,R01_Risk Sentiment,0.124064684
2022-11-07,R02_Real Rates Hedge,0.124121904
2022-11-07,R03_Safe Haven Pivot,0.08019513
2022-11-07,R04_Currency War,0.08883703
2022-11-07,R05_Credit Stress,0.016416967
2022-11-07,R06_Yield Curve,0.06112104
2022-11-07,R07_Rate Bets,0.074953645
2022-11-07,R08_Tech Alpha,0.04733038
2022-11-07,R09_Small Cap Health,0.04151517
2022-11-07,R10_Mid Cap Cycle,0.033463717
2022-11-07,R11_Value Rotation,0.053252235
2022-11-07,R12_Consumer Cycle,0.09755054
2022-11-07,R13_New/Old Economy,0.15748793
2022-11-07,R14_Defensive Rotation,0.061858058
2022-11-07,R15_Industrial Momentum,0.07549107
2022-11-07,R16_Commodity Infl Pulse,0.15406427
2022-11-07,R17_Global Risk,0.06410709
2022-11-07,R18_Industrial Cycle,0.120274544
2022-11-07,R19_Semiconductor Cycle,0.116772056
2022-11-07,R20_Real Estate vs Rates,0.09610293
2022-11-14,R01_Risk Sentiment,0.12471926
2022-11-14,R02_Real Rates Hedge,0.10790807
2022-11-14,R03_Safe Haven Pivot,0.10471517
2022-11-14,R04_Currency War,0.13297975
2022-11-14,R05_Credit Stress,0.02374477
2022-11-14,R06_Yield Curve,0.06356618
2022-11-14,R07_Rate Bets,0.07568951
2022-11-14,R08_Tech Alpha,0.049155235
2022-11-14,R09_Small Cap Health,0.0466761
2022-11-14,R10_Mid Cap Cycle,0.040159643
2022-11-14,R11_Value Rotation,0.055970564
2022-11-14,R12_Consumer Cycle,0.094941236
2022-11-14,R13_New/Old Economy,0.13400072
2022-11-14,R14_Defensive Rotation,0.07890344
2022-11-14,R15_Industrial Momentum,0.05350685
2022-11-14,R16_Commodity Infl Pulse,0.14550602
2022-11-14,R17_Global Risk,0.053198427
2022-11-14,R18_Industrial Cycle,0.10525155
2022-11-14,R19_Semiconductor Cycle,0.10167158
2022-11-14,R20_Real Estate vs Rates,0.084551044
2022-11-21,R01_Risk Sentiment,0.1347313
2022-11-21,R02_Real Rates Hedge,0.11193657
2022-11-21,R03_Safe Haven Pivot,0.08009058
2022-11-21,R04_Currency War,0.09832406
2022-11-21,R05_Credit Stress,0.019208532
2022-11-21,R06_Yield Curve,0.050726727
2022-11-21,R07_Rate Bets,0.0742967
2022-11-21,R08_Tech Alpha,0.026783526
2022-11-21,R09_Small Cap Health,0.041527867
2022-11-21,R10_Mid Cap Cycle,0.032178402
2022-11-21,R11_Value Rotation,0.06839056
2022-11-21,R12_Consumer Cycle,0.10174305
2022-11-21,R13_New/Old Economy,0.124542534
2022-11-21,R14_Defensive Rotation,0.053448558
2022-11-21,R15_Industrial Momentum,0.053482413
2022-11-21,R16_Commodity Infl Pulse,0.1174372
2022-11-21,R17_Global Risk,0.05600685
2022-11-21,R18_Industrial Cycle,0.090241194
2022-11-21,R19_Semiconductor Cycle,0.09353387
2022-11-21,R20_Real Estate vs Rates,0.06190647
2022-11-29,R01_Risk Sentiment,0.10788822
2022-11-29,R02_Real Rates Hedge,0.12141734
2022-11-29,R03_Safe Haven Pivot,0.062385976
2022-11-29,R04_Currency War,0.098682046
2022-11-29,R05_Credit Stress,0.021449469
2022-11-29,R06_Yield Curve,0.056428924
2022-11-29,R07_Rate Bets,0.07882822
2022-11-29,R08_Tech Alpha,0.038551778
2022-11-29,R09_Small Cap Health,0.046463013
2022-11-29,R10_Mid Cap Cycle,0.03888689
2022-11-29,R11_Value Rotation,0.05853983
2022-11-29,R12_Consumer Cycle,0.09676747
2022-11-29,R13_New/Old Economy,0.11574894
2022-11-29,R14_Defensive Rotation,0.04421723
2022-11-29,R15_Industrial Momentum,0.043305278
2022-11-29,R16_Commodity Infl Pulse,0.104335204
2022-11-29,R17_Global Risk,0.062386155
2022-11-29,R18_Industrial Cycle,0.09102273
2022-11-29,R19_Semiconductor Cycle,0.12422156
2022-11-29,R20_Real Estate vs Rates,0.09230948
